date,IMCP,ANTAD,AUTOS,TARJETAS
1993-01-01,52.5347487347,41.2296360640975,43.88565219209888,
1993-02-01,53.2226310058,42.19363535778184,46.53432764940406,
1993-03-01,53.7867835738,42.432923288364904,46.4191049136703,
1993-04-01,53.1869434102,43.44210558165311,40.28090320040259,
1993-05-01,53.9972822576,43.71528197127247,42.99949945126601,
1993-06-01,53.5614507136,43.87137813177374,42.0226324563955,
1993-07-01,53.5024690405,44.63319783156803,41.1251081147834,
1993-08-01,53.2508601664,44.74562721444685,39.532712325817684,
1993-09-01,53.7110887222,43.48472048441019,37.52181823228316,
1993-10-01,53.7858368491,44.70615624858262,34.52269534119103,
1993-11-01,53.5310205867,44.77822716813403,35.39665989247007,
1993-12-01,56.0500409656,45.4929264044461,34.06683933010769,
1994-01-01,54.5569065926,46.73524796530076,41.272849333327976,
1994-02-01,54.9236215548,47.223274594826115,42.88061075155174,
1994-03-01,55.0595494218,48.90014805729283,42.51108360718925,
1994-04-01,56.050169962,47.23410395728112,43.81393387304819,
1994-05-01,56.3004655831,48.59578665750861,47.5425067071646,
1994-06-01,56.6857650763,48.65115374798075,46.806034743896035,
1994-07-01,56.9446222408,49.39430387225774,42.7096948324595,
1994-08-01,57.2304799235,49.046784454670934,42.74018761799061,
1994-09-01,57.2474181164,50.30210267004117,39.829306653124945,
1994-10-01,57.4829860101,50.04943102262518,38.4589116510856,
1994-11-01,57.8517149202,49.776090993354,34.814047910916706,
1994-12-01,57.1351426407,50.59001349823594,35.39349681745245,
1995-01-01,54.5033210639,49.90017841846939,32.868460484471804,
1995-02-01,53.929648688,46.73028155880668,21.348457317861453,
1995-03-01,53.2537908267,46.499859636256055,19.171276071598605,
1995-04-01,52.7082939039,41.08446989219576,11.929246952841172,
1995-05-01,52.2110748988,39.97887064669623,11.684090481443823,
1995-06-01,52.5813556411,39.79848429184754,11.033786699996858,
1995-07-01,52.6099898482,39.68469395725953,11.147540108752484,
1995-08-01,52.7761434903,40.60436942383916,12.058729631626077,
1995-09-01,52.842645034,40.30892020123428,12.988758324990377,
1995-10-01,52.5894381179,40.882494139908204,13.650211733892537,
1995-11-01,52.9398264555,41.00284354042654,16.181165481386344,
1995-12-01,53.9633360571,40.70044378729239,13.36973776717496,
1996-01-01,53.7205743423,41.574184609352706,17.599620123994125,
1996-02-01,53.5417053728,39.27516025710827,17.948586612373177,
1996-03-01,54.5836249507,40.64546869620992,20.506450684736485,
1996-04-01,53.7674149313,40.80276226206402,20.52550264082372,
1996-05-01,54.1949466715,40.273185617329155,22.15525892423522,
1996-06-01,54.4003412624,41.03313352919615,21.749057496506694,
1996-07-01,54.8076563336,40.82151349945403,22.925202932547794,
1996-08-01,54.9450542403,40.80750785935612,18.448404223693657,
1996-09-01,55.4561569564,41.36855515021266,23.241921716508195,
1996-10-01,55.9871940072,41.15016317156178,25.97864921124363,
1996-11-01,56.2167153157,41.99211626707161,28.37490004246857,
1996-12-01,56.5807323587,42.36223613618269,28.160120888391845,
1997-01-01,56.5876090335,41.903440710187574,24.715617665231722,
1997-02-01,57.6184707457,42.49767083603274,27.14429224374652,
1997-03-01,57.278933146,42.53457605183047,26.537636208616057,
1997-04-01,58.400980958,42.73121210197582,30.74504894846533,
1997-05-01,58.5406482469,43.19814122192849,31.207869983509763,
1997-06-01,59.3663071239,43.84370966423792,32.954649342889155,
1997-07-01,59.1784465635,44.53882928183599,35.42837658475619,
1997-08-01,59.7743677778,44.98794506869453,34.354687903329705,
1997-09-01,60.0020988821,45.03181277514019,36.94724568360601,
1997-10-01,60.6115750989,45.94819328770659,40.53182760322345,
1997-11-01,61.2205936037,46.743544512264286,39.67257781946081,
1997-12-01,60.9404002002,46.35617999370647,38.89199837428974,
1998-01-01,61.6904735157,48.090381159138374,40.72243097138481,
1998-02-01,62.4363754406,48.31963165705211,43.65917412868911,
1998-03-01,63.5390251219,49.09700388404193,45.22619519902463,
1998-04-01,62.7979025473,48.975762329481384,44.98203640523495,
1998-05-01,63.4413920929,49.67141159944769,42.94416191535696,
1998-06-01,63.1081686553,49.037906116327015,49.80769219255386,
1998-07-01,63.1105359145,49.242483154611186,48.1959670674534,
1998-08-01,63.5028933802,49.961694205083376,50.20928754424705,
1998-09-01,63.373615634,49.91939542443167,48.63887275394801,
1998-10-01,63.6588431798,49.86719717410442,35.047203647597534,
1998-11-01,63.6491533891,49.63758943673508,39.94518282937316,
1998-12-01,63.9820054514,48.713227312227744,49.789713880166936,
1999-01-01,63.7912747371,50.82036239842235,40.059819804055095,
1999-02-01,63.9274149955,50.75938370232088,37.517101520951144,
1999-03-01,64.1874298396,51.25435913376579,42.30976222923692,
1999-04-01,64.8942484731,51.49742183624918,43.18205330777135,
1999-05-01,65.2885418849,52.19283214882889,45.344714078449286,
1999-06-01,65.3144430443,52.25780704685593,46.04062547653039,
1999-07-01,66.2039671106,52.46314256567057,44.12231118083954,
1999-08-01,66.6023698292,53.63968678420441,46.920116156241434,
1999-09-01,67.0140856723,52.29475568459829,49.04071133210246,
1999-10-01,67.0403597822,53.461009581168106,48.07394067193915,
1999-11-01,67.5084856488,54.09805200518603,50.55638990153854,
1999-12-01,68.4070254591,54.236484301059285,59.28737546528369,
2000-01-01,69.6011695144,54.33973530024575,54.92754342109709,
2000-02-01,69.9183129536,55.356623985325136,54.054067499466264,
2000-03-01,69.9083889553,55.67521676690485,55.95117271826988,
2000-04-01,70.4269724721,56.312560403221546,56.980570855375625,
2000-05-01,71.0960029851,57.00340113083957,58.928356775389325,
2000-06-01,71.4180287381,58.680598553430826,60.018701053733345,
2000-07-01,72.4148248289,58.426483637669776,60.01653719804243,
2000-08-01,72.148483558,57.44042210788016,57.668054822750506,
2000-09-01,72.6521314205,58.1845400234218,63.011263888330504,
2000-10-01,73.4435039399,58.68627440218054,62.961941261851365,
2000-11-01,73.5724214938,57.80170993232928,65.6563524911733,
2000-12-01,72.995289975,57.32447677687066,62.6072260393408,
2001-01-01,73.3300680537,59.72521074720547,64.68859032600483,
2001-02-01,73.2979702163,60.286352990977974,65.26022602774441,
2001-03-01,73.2194696069,60.129305765788686,63.44203563088563,
2001-04-01,72.9795723788,60.841151363336735,61.41637354375813,
2001-05-01,73.1688702534,60.385397409187945,59.975829227460956,
2001-06-01,74.6032970428,61.55722874448659,60.811492723857754,
2001-07-01,73.2957399625,61.586148878345504,65.27242820882208,
2001-08-01,73.7191602281,61.043909239107144,69.4075713885594,
2001-09-01,74.0074766135,60.729272597246876,63.98172330737621,
2001-10-01,73.8089050789,60.86626295814923,62.738328152035685,
2001-11-01,73.8997342143,60.14678567469676,66.7313427537086,
2001-12-01,74.2034315593,59.107010994504684,66.13594679212677,
2002-01-01,73.9436708079,58.338244202192826,74.019356580395,
2002-02-01,73.3325565644,57.7411718322276,69.29362907426798,
2002-03-01,74.8732779776,58.877641775386635,66.79432577667987,
2002-04-01,75.1644247903,58.81638609622332,70.78123904482544,
2002-05-01,75.0355719111,59.05789391935258,70.99337594430523,
2002-06-01,75.367272924,58.574458974597356,66.65744207584619,
2002-07-01,74.9199718735,60.21044644477068,68.67086924217678,
2002-08-01,75.0506935816,59.01384462596927,69.732498723308,
2002-09-01,75.083549612,58.80206877687285,66.01250137389526,
2002-10-01,75.4288436292,59.180232543957715,69.7466890587252,
2002-11-01,74.692452361,60.16075461217078,63.50371830909618,
2002-12-01,74.5621521814,60.80566019597362,63.78878927777528,
2003-01-01,75.564005785,61.03545929245554,68.26034273477273,
2003-02-01,75.8038472036,60.09574500178575,70.39215206026121,
2003-03-01,75.822827073,60.54792851253129,65.30172032216983,
2003-04-01,76.2261547887,60.66197057345452,67.38320852517641,
2003-05-01,76.0092270866,61.779750636844014,64.00993709701584,
2003-06-01,76.5722743839,61.62061343190869,70.78576637613791,
2003-07-01,76.9803114039,62.59021170319529,71.68756727817218,
2003-08-01,76.1937538886,63.0810565031879,66.99102348321739,
2003-09-01,76.4321993903,63.3119271886498,66.08083884165869,
2003-10-01,76.4143532737,63.43144435749829,67.12347862828636,
2003-11-01,76.6952615905,63.99944908954036,67.78761453526583,
2003-12-01,77.7990409349,64.56106412192275,70.28292324957266,
2004-01-01,76.4308739841,64.40901126372678,69.91074110458453,
2004-02-01,77.4539626596,64.97533190747677,72.28595949681575,
2004-03-01,78.0496516093,65.33252150546254,77.89159890197274,
2004-04-01,77.6946736574,66.12836169779341,77.24927382606,
2004-05-01,77.7165015997,65.98735163552949,76.72234670750557,
2004-06-01,77.7865507932,67.49232218298603,72.79285052460699,
2004-07-01,77.9674622078,67.44830585169038,73.93827288761538,
2004-08-01,78.4160814266,68.3359408191104,74.67315818848982,
2004-09-01,78.2693803484,70.35471901889042,74.47433047567456,
2004-10-01,78.1633279532,70.25016854375853,76.06574955530863,
2004-11-01,79.4695303438,70.27863888370042,80.47200391585906,
2004-12-01,79.2456745155,72.8154243806297,82.1600859686452,
2005-01-01,79.4851673964,69.05263176416473,78.21050133692633,
2005-02-01,78.9220006423,71.18690492050736,78.87112886138812,
2005-03-01,78.6320046778,70.85320606122816,78.07662484515438,
2005-04-01,78.9055909468,71.12500168943949,77.32729158876886,
2005-05-01,79.414057034,70.39694877888293,77.96952526452063,
2005-06-01,78.7697425341,71.64150390931043,77.45588178691438,
2005-07-01,79.5069650774,72.86410844582042,76.47759681931633,
2005-08-01,80.0541682362,73.25012713588654,79.67234219677813,
2005-09-01,80.7893521091,75.47412034245967,82.12715931666972,
2005-10-01,80.9868767497,74.47045992811603,76.19327393110734,
2005-11-01,81.0163273274,74.18322065637261,79.04418863700867,
2005-12-01,81.5295347633,76.89329668219922,82.23224186254797,
2006-01-01,82.5142087201,77.82051877405335,80.73736682262728,
2006-02-01,82.3718411856,77.0861937266114,79.55441930103811,
2006-03-01,82.1939021308,79.5208074373707,78.14715964842169,
2006-04-01,83.1093191447,80.15992904060404,78.0878240667566,
2006-05-01,83.3229276988,82.25616374796363,78.67670233287714,
2006-06-01,83.7125930067,81.68407907170648,79.21762441583864,
2006-07-01,83.6901403047,81.68440546002334,77.2838306805636,
2006-08-01,83.8280872835,83.01170443949962,78.09579750989822,
2006-09-01,84.1039265615,82.44406664596244,81.28220062149865,
2006-10-01,84.221278471,83.1729591848234,81.35911439559862,
2006-11-01,84.2812334905,83.39188275147484,80.55978760028397,
2006-12-01,84.0298664522,84.06272966709557,80.23228359027448,
2007-01-01,83.3119712835,85.79711044510967,80.55442185850615,
2007-02-01,83.6698712752,85.8678730107885,77.70970267578775,
2007-03-01,84.2889969939,87.00937183755174,78.74632155373398,
2007-04-01,84.1451018347,88.05351562502317,76.88408752175461,
2007-05-01,84.2481826239,88.8811393881584,75.76083805399334,
2007-06-01,84.9488758968,90.1010815202126,72.53356124277668,
2007-07-01,83.7590944341,90.52340094929455,77.35855746770376,
2007-08-01,84.6155376979,90.7205294486108,75.20606978240815,
2007-09-01,84.5069985014,91.41310637776031,77.70794592875504,
2007-10-01,85.0732490852,91.98100444067153,78.22673222957403,
2007-11-01,84.8496866812,91.05942870261539,76.6858096538744,
2007-12-01,84.1513258714,92.46337143704999,75.05406072070535,
2008-01-01,85.2180602506,93.74455238009757,79.14238642594246,
2008-02-01,85.8258013318,94.10704599286981,75.67611125568075,
2008-03-01,85.5217727049,94.36644694353683,72.89818166455929,
2008-04-01,85.8662244517,94.53909915233383,75.87606645841991,
2008-05-01,86.2316581015,95.72509259916637,76.69987721759513,
2008-06-01,86.6241105957,96.3888630049308,76.6964547800113,
2008-07-01,86.7435644665,95.42532860687513,76.28103954692378,
2008-08-01,85.6883777647,95.43695135227075,73.58771793952468,
2008-09-01,85.155949087,95.77325437205685,68.37008272884879,
2008-10-01,84.0745103408,94.52835007927887,65.47857271692372,
2008-11-01,83.334103759,96.66876800605186,62.69206852748965,
2008-12-01,80.6433569361,89.70995376088644,59.31946180710182,
2009-01-01,78.4197058807,94.92104928950525,57.63192896867586,33.10100463916475
2009-02-01,78.5240424086,95.34867854129416,56.40014507327664,33.39345474207443
2009-03-01,78.6397853586,95.69731368845432,53.96773236107801,33.39337099827392
2009-04-01,78.2256799885,95.75873574302194,50.78890292140821,34.00498935559593
2009-05-01,75.4900823985,94.3855175143433,48.09993670188547,32.50217400583696
2009-06-01,77.9640137029,94.50878031952884,51.308857874802094,34.30789397855294
2009-07-01,78.9250409202,95.38333327522052,50.36976525882623,34.77750841786054
2009-08-01,79.7201799075,96.73750757617333,51.24615676328651,34.62886667368662
2009-09-01,79.4751582403,95.6615708372044,50.80121052884585,35.06263539494864
2009-10-01,80.3220770371,95.647095331165,53.60260185719047,35.48893556581572
2009-11-01,81.1826352669,94.33414242004231,52.81186005352403,35.49016878757082
2009-12-01,81.6941625757,97.30972819462491,53.58483727406558,34.9328907796854
2010-01-01,80.7079508803,97.14134895216844,54.34845625175544,35.431007762275925
2010-02-01,81.0084597767,98.09184067095244,54.67217340011737,36.3197414800476
2010-03-01,81.6145712529,98.3732782358947,56.318398677127966,37.42219881090344
2010-04-01,82.2502395831,98.48541308589398,56.308059374429234,37.089829917533535
2010-05-01,82.6230375645,101.56699014949477,56.49147738170478,38.63764581820626
2010-06-01,82.7619457974,99.91490654265795,53.374780158466436,37.86542295016464
2010-07-01,82.6919950411,100.11353298712453,55.22776271144597,38.41152875299687
2010-08-01,82.6998618842,101.58142168321871,57.68484345845237,38.707065511794426
2010-09-01,83.7865030863,101.18484606150938,57.78722395229665,39.49678445166906
2010-10-01,83.6951142353,102.73550483332339,59.91696253357107,39.64872508925245
2010-11-01,84.4700050089,94.50051569898199,59.61459977809942,39.3750796857515
2010-12-01,84.7412231097,104.6167344384609,61.65799189463049,42.970466324187576
2011-01-01,86.1434784036,104.15425025511018,60.48236534219102,42.173736652553686
2011-02-01,86.0176386027,104.43054971844904,61.69533122402149,42.525075918226065
2011-03-01,85.7181541809,105.23086549041297,60.840422900526356,42.99702420804243
2011-04-01,85.6986296214,109.49632976954291,62.75138657323469,43.56778809996061
2011-05-01,86.1155215421,103.90871064175893,62.149278381433504,44.29114470662728
2011-06-01,86.2663612989,106.91848854423478,61.30724657896436,45.025635628059405
2011-07-01,86.8062524772,107.99221299877783,61.42100474173587,44.31059868477357
2011-08-01,87.190422973,108.32460056398665,63.57424182302055,46.24913282540064
2011-09-01,87.4470362436,109.8349717805166,64.8329491249793,46.62794169120744
2011-10-01,87.6676415865,110.72674617196353,63.70779612272559,46.826194267790605
2011-11-01,86.9091338147,110.047882964139,63.333204630340546,46.95700938335983
2011-12-01,88.0508444447,109.9406992403279,68.72443906786589,45.430455872485965
2012-01-01,86.6914709005,111.70290064786937,66.45550455660623,48.59200145396583
2012-02-01,86.8505545571,110.31239764047412,65.90083011240525,48.70455574722125
2012-03-01,87.7670762264,112.80865101859897,68.65059442446005,49.448098989398744
2012-04-01,88.1109607065,114.73315664452521,69.59777523635594,50.04703317664115
2012-05-01,87.1031132611,115.52358525769077,69.53590927299966,51.68706277962647
2012-06-01,88.4961132947,116.35796180032317,69.43280661483006,49.7928148453254
2012-07-01,88.7051656426,116.27198307767299,69.14194140891988,52.18369012388838
2012-08-01,89.3353312824,115.5455599337341,68.84163402904873,51.945781315268476
2012-09-01,89.6512211059,116.66426998029628,71.42633369290195,51.245590258159034
2012-10-01,89.8101806237,116.59645303127422,68.78427720276281,52.75052158009351
2012-11-01,90.6762829585,117.86920409231325,70.04230275749859,55.039502487371074
2012-12-01,88.8406451672,113.55733090383342,69.34841782366874,53.97170941391175
2013-01-01,90.1061162215,117.3554443311974,71.89471575432135,54.250761249298705
2013-02-01,90.6173991005,117.06519270623087,74.16782745670324,54.10676788406413
2013-03-01,90.4184613212,116.52319267161747,73.93516403026273,53.472562847700885
2013-04-01,90.2376491834,116.62265591803722,76.18527994771476,54.45980657840672
2013-05-01,90.9062028658,116.81125265599692,75.79491688923412,53.781689701299584
2013-06-01,90.6984839865,117.43898262989698,75.28954244833103,57.88341745240646
2013-07-01,91.0702940012,117.51634462205118,75.54208014495929,56.71615578639304
2013-08-01,91.1632895656,117.45670451771923,73.41724137911517,57.144965931547006
2013-09-01,90.6847394389,118.12754493708486,71.8969517335831,59.21585903621217
2013-10-01,91.0203538776,117.30641480715313,72.38569444897213,59.82597421061973
2013-11-01,90.8589686175,120.85025759884194,75.42058279209152,59.302566122928845
2013-12-01,91.9026166634,117.31812637546435,75.30558800746164,60.96524266001475
2014-01-01,91.190653911,117.17725979272457,73.22368267441534,60.47720513805476
2014-02-01,91.6506400368,117.74920867173361,74.0549440505035,61.212759318565915
2014-03-01,91.9265411286,118.88667076300305,72.92935072882098,62.17027099357107
2014-04-01,92.8521196717,117.70499234039175,73.88532647650268,62.73216889958662
2014-05-01,92.5892740234,119.69841231986938,76.77096855914674,62.48307240935912
2014-06-01,92.696376852,119.27053430575528,76.40898014412969,62.24547247735466
2014-07-01,93.004430738,119.42405578235665,81.53772134431749,63.66982862341336
2014-08-01,92.7331215374,119.99274121017503,87.53399660375541,63.78196600433584
2014-09-01,92.8124571314,119.01529848953562,79.98199728438507,63.98253492813555
2014-10-01,93.1476514044,121.3206707787434,82.78239135593441,64.19620189398404
2014-11-01,93.730760901,122.1030656373109,85.28481002104425,63.42226607076199
2014-12-01,93.5133572909,122.96864822411813,83.07011769751185,64.68333849507452
2015-01-01,93.8688817463,124.14992509224439,89.44452008207713,65.82666975782867
2015-02-01,93.9739761659,125.51946596905972,90.69533363192814,67.5427496215877
2015-03-01,94.1177531317,125.66573381560879,92.30587690332334,68.15384716796885
2015-04-01,94.3790322786,127.49579255968919,88.82947240560972,68.47089986463351
2015-05-01,94.7043724011,127.76549202670502,90.18342919321086,69.88903714092646
2015-06-01,94.8367185829,129.68774923618045,93.68193639816369,69.76675755105306
2015-07-01,95.003478065,130.1182778601639,93.86486518575313,70.4044198186896
2015-08-01,95.5113741748,131.81947372846165,97.28606202227374,72.11044701580718
2015-09-01,96.2924732113,131.32578181762253,97.5161941688578,72.75945172502357
2015-10-01,96.6249690962,132.13580248387814,98.51149980338053,72.5489199155512
2015-11-01,96.4645779194,131.85684015686962,98.37852387157044,76.11728378289106
2015-12-01,95.7691121962,134.92483342049667,99.98988794671546,75.29775938294824
2016-01-01,96.9963872139,133.6074186286734,105.26292203504508,76.56616788292352
2016-02-01,96.2893903714,134.01420440310946,101.57470224475864,76.5666684495397
2016-03-01,96.4404031094,134.5935630965143,102.32143565171124,77.16548342926419
2016-04-01,95.8825226419,141.88481293691078,105.73048980818997,78.28706652112425
2016-05-01,96.0857158586,132.86420101435667,110.32214224690915,79.8416054704926
2016-06-01,96.5834801253,137.71598232675603,115.09382080662267,80.70107421814629
2016-07-01,96.754488595,139.37038040255558,112.52396990909355,82.10091003599767
2016-08-01,96.9384957963,140.649503714217,113.4712590403285,82.31363280283571
2016-09-01,97.064173764,142.1849034413878,115.86142576528395,83.7057592339851
2016-10-01,97.2795864408,142.02590107030755,117.50928640326211,85.2824852605487
2016-11-01,97.1421794428,142.78348278940433,113.76724052854755,85.04798230325827
2016-12-01,98.9667633079,143.46449758577776,122.01194938071104,86.90846544956176
2017-01-01,97.7131882576,141.7921190955498,111.366694595316,86.67420681775967
2017-02-01,98.3787937608,142.45172506320483,110.03043030392601,87.62768853924524
2017-03-01,98.3056414269,143.19307857934982,110.16289664411751,88.16733153437549
2017-04-01,98.5757456535,139.83525723965036,112.31766247841364,90.2162236660521
2017-05-01,98.4237910362,141.8842722244289,108.84802744359334,89.29655980890853
2017-06-01,98.5981844484,142.2060815415726,108.17589156308114,90.35126353697538
2017-07-01,98.4158587872,141.97856604953398,107.49152707353402,90.36685838740695
2017-08-01,100.3508520283,142.23052866846606,105.00462445112402,91.68193274911343
2017-09-01,98.2848351131,142.7757089595951,101.44174927640337,91.04585376437764
2017-10-01,99.1427695917,142.9596197144776,105.61186269787717,92.5014058316649
2017-11-01,99.0831378129,143.61810785352452,104.83214394166129,92.89862076547927
2017-12-01,99.4327463106,144.08776487262548,104.32213223305054,94.77549296143007
2018-01-01,99.6967898663,145.69829216242954,96.76891212964937,95.69368290866453
2018-02-01,99.7644633416,144.99208613036774,101.82286432496883,96.46111288630999
2018-03-01,100.1894400785,146.1207527305952,102.38691241041214,97.69038065059851
2018-04-01,99.7969910133,144.16893366860148,100.60873717125463,96.57359316007489
2018-05-01,100.0275278436,146.7444576462301,99.20609942435863,98.50091131007734
2018-06-01,99.6190362724,148.9253409030227,100.760509347091,99.5620490435415
2018-07-01,100.1749540678,149.22859587792402,100.81379518513587,100.79337930122274
2018-08-01,100.8852480969,148.89078112048244,99.96309899821185,101.24102254438712
2018-09-01,100.7554780112,147.18698335128678,102.33802738515303,102.72019476776802
2018-10-01,99.806213678,148.8477960324217,98.88643051252217,103.24996389762309
2018-11-01,100.1694888076,149.04709549217213,98.77975761349238,103.9033523383232
2018-12-01,99.6381644018,148.31141201132075,97.66485549775024,103.61035719140905
2019-01-01,100.9901403267,148.85520010842507,97.09375618981612,105.66665883282332
2019-02-01,100.957866943,150.13705288357454,95.67820079417679,107.0667376699159
2019-03-01,99.3082317006,149.16911046123985,94.00418176816487,107.25611068059564
2019-04-01,100.1702779917,145.59625276120602,93.84210254117015,109.29363788210425
2019-05-01,100.38911406,153.328195836012,87.43814978154153,108.96151142478993
2019-06-01,101.292689213,154.3188090193421,91.58602542172389,111.42269443923499
2019-07-01,101.1549622713,155.09864569234796,91.06192399345318,110.22561815829089
2019-08-01,100.8088938439,156.64503548050473,90.8701785813099,112.47302686845293
2019-09-01,101.5779211267,153.98226428873656,92.15368579613363,112.77396810337343
2019-10-01,101.502266817,154.0382399683112,89.35247187751526,112.62979196694411
2019-11-01,101.6811085165,155.04063283464893,91.10726032368575,114.08125414887516
2019-12-01,101.1319100086,159.05416381679694,90.8979764071397,115.96834274402876
2020-01-01,101.5368450267,154.7973970391609,91.33303738516173,115.75991318285578
2020-02-01,101.4541539938,152.6751374572318,91.09132374688159,115.37608434034772
2020-03-01,95.6204991751,152.19090671708386,70.90772854904876,107.8935501206727
2020-04-01,78.4298273007,112.65850933354373,32.531052146484676,85.78853042708228
2020-05-01,77.157844161,120.42390899611128,36.26710422636137,89.09002499577878
2020-06-01,83.5069201651,132.17047583699838,53.75903732482507,98.4985266018956
2020-07-01,87.189183596,141.53142192130554,61.725288565663426,102.68827196396235
2020-08-01,89.2056822451,150.13544004800454,67.76315666809502,110.2225203554005
2020-09-01,92.8162168373,153.29364222282103,67.78496298486586,112.09741310687214
2020-10-01,93.6758443251,153.12313427018051,71.07719795094714,114.54099431493385
2020-11-01,94.9704287034,156.55259738842656,73.30768384125645,115.97864306309529
2020-12-01,95.3126986314,151.1566414937533,71.69136499377059,115.47259474154241
2021-01-01,95.7298115936,135.946778988107,72.24550524701779,118.23713886810093
2021-02-01,96.1624955805,154.4582352457727,74.67652748326017,120.31218263097627
2021-03-01,98.1002909348,156.37002860291153,79.1570885893995,122.14489245308955
2021-04-01,98.1663902311,160.3110651320031,74.5115723235037,123.18679522853839
2021-05-01,98.4515424492,154.55745024023514,76.65479625406721,123.3714321103024
2021-06-01,98.7347219232,155.63901075490355,73.87515635169952,126.2567784071402
2021-07-01,99.0920121691,155.94686606618376,69.77083055776563,127.0668432244386
2021-08-01,98.471617072,155.3875121799664,68.58882651725271,128.79354044754157
2021-09-01,99.1459742152,161.41464633800354,67.88650116267031,131.5606074431112
2021-10-01,99.7732941809,160.45552782202796,65.78012759573623,132.52599912642782
2021-11-01,100.1215694094,163.83620529965947,64.98137357341008,133.69921652506068
2021-12-01,101.0150190117,163.40357865648906,66.42931658169209,135.92237113732315
2022-01-01,101.3376475607,156.1163778377176,71.14231557833573,134.35903000047617
2022-02-01,102.1569035068,163.76838450355515,70.85971517107082,137.0507261239681
2022-03-01,102.8803429032,165.554380748785,72.70643186204725,138.01739065851933
2022-04-01,102.8527119172,164.96640117312532,76.59664467364586,140.49031944378729
2022-05-01,103.3869613487,164.75254180932993,80.0312816954808,142.40063831587588
2022-06-01,103.2600662637,160.73275474495475,75.68612316320001,140.1441232697883
2022-07-01,102.9107532099,162.8890280905727,71.58191541240157,142.1434598751535
2022-08-01,103.1764663372,166.37474832568958,78.47271025841913,144.35705405297418
2022-09-01,104.0086241051,164.85233441447497,76.4260716354794,144.2235643592603
2022-10-01,104.6522855668,165.3919380696178,81.33759957978968,145.78625763857383
2022-11-01,104.1454676995,164.76280066139938,74.3098797700581,146.67671288378222
2022-12-01,105.5539284727,166.9926546669019,84.79434366864832,147.97273009319457
2023-01-01,106.0166183452,166.97407558082236,84.83544960057164,150.87362300221974
2023-02-01,105.1739274396,166.23545365993598,90.68642893521654,150.4753924759021
2023-03-01,104.931155082,166.0175847644221,90.54398571104122,152.1961134125966
2023-04-01,106.1826940756,166.8425077867323,92.36970533398222,153.90214548794518
2023-05-01,107.0679560998,163.33571248078678,91.89110806900327,153.20698168330605
2023-06-01,107.8081445448,172.86098893690183,95.30501815614106,160.14297070358506
2023-07-01,107.9152986781,169.77054697225535,97.35386001897957,158.5921209442545
2023-08-01,108.5602552069,168.38428748327684,95.5615507833528,159.30349692164347
2023-09-01,109.3404073105,168.664899413966,103.1723263780607,161.35683682908734
2023-10-01,109.6239821872,170.88775359785268,99.65744862480618,163.9919847408751
2023-11-01,110.0468545255,171.00209732597787,98.4597522043663,165.00556322197355
2023-12-01,110.3692150517,170.46024685966123,100.51363190218865,167.09091937050238
2024-01-01,110.7148612931,172.5749046621284,99.2568355455447,167.5448869759011
2024-02-01,111.5721658648,173.60758506820957,98.95423666689851,171.11589692479808
2024-03-01,111.6967565616,168.13038451550574,105.68068180775924,170.90804960307378
2024-04-01,110.7931846053,173.96447886558607,100.67103219736057,171.68057011974008
2024-05-01,110.9251502243,171.84232253503964,102.88079127274902,174.54336430499745
2024-06-01,110.6005818258,170.06627668289346,106.11587051966936,173.2543248133212
2024-07-01,111.5016611155,172.63580399082826,107.12705379091636,178.47491711148805
2024-08-01,111.1724502055,170.4869752739501,107.84515094919406,180.80241873813247
2024-09-01,110.4474435164,172.7264278876954,107.05085196781536,182.94774223409456
2024-10-01,109.3097018803,172.63398389787645,103.1869638482809,183.05226120963738
2024-11-01,110.2202372031,173.1922215132778,111.27096326283312,185.1652707895306
2024-12-01,108.3983704536,172.81460576986464,105.49170560256466,186.94476377590124
2025-01-01,109.4950865062,173.68097650042264,103.57056358671608,190.07901563226685
2025-02-01,110.7731599074,174.28619897521094,106.39197262306108,192.6008171493621
2025-03-01,110.2292283949,174.93687967977453,102.59259695746874,195.3979696911496
2025-04-01,111.3855147997,169.69820218195176,102.49136741699587,198.1719527186741
2025-05-01,111.0657311231,181.5572966573375,103.60971614839902,200.56951385549615
2025-06-01,111.4079756173,177.28449902328128,103.5790627781777,203.0707576394573
2025-07-01,111.7389578832,175.0315322421316,105.82402566011307,203.5350848369045
2025-08-01,112.7062306771,177.6412067893266,107.33023044742964,205.98338663661139
2025-09-01,112.759142986,174.58837487110827,106.41174229312031,207.5871795935464
2025-10-01,113.6321688585,174.99522697022408,110.92959080665103,210.69951252071348
2025-11-01,112.9691914158,174.85553055584992,112.73715038239061,214.74108207934094
2025-12-01,114.2241376948,175.55509735017802,108.1571101637675,217.0915889048912
2026-01-01,112.4885451069,173.9365225363824,112.94128926519433,210.11245920163978
2026-02-01,112.3112632121,173.44215359501183,106.5441221942896,210.53129290727492
2026-03-01,113.6356869267,173.79812475041052,108.99928113330786,213.5479566602041
2026-04-01,113.8536466759,176.3218713149036,109.04635810732512,215.44411156147478
2026-05-01,113.9645575576,175.98201439588283,110.32946520641829,218.63377343164618
2026-06-01,,175.2741287833014,109.07641049196735,221.11197971071408
2026-07-01,,175.77382347364053,109.40205606828658,223.90955220299534
