date,IMSS_empleos
1997-07-01,10206251
1997-08-01,10291282
1997-09-01,10384707
1997-10-01,10476716
1997-11-01,10563802
1997-12-01,10633961
1998-01-01,10723592
1998-02-01,10778687
1998-03-01,10853094
1998-04-01,10904591
1998-05-01,10939535
1998-06-01,10975363
1998-07-01,11049105
1998-08-01,11110171
1998-09-01,11160560
1998-10-01,11220250
1998-11-01,11218921
1998-12-01,11289164
1999-01-01,11337689
1999-02-01,11400807
1999-03-01,11442400
1999-04-01,11496552
1999-05-01,11552361
1999-06-01,11605518
1999-07-01,11657277
1999-08-01,11718859
1999-09-01,11791094
1999-10-01,11857833
1999-11-01,11937575
1999-12-01,11962086
2000-01-01,12048903
2000-02-01,12110301
2000-03-01,12179603
2000-04-01,12211355
2000-05-01,12289556
2000-06-01,12361959
2000-07-01,12438401
2000-08-01,12482012
2000-09-01,12513886
2000-10-01,12552315
2000-11-01,12562680
2000-12-01,12556928
2001-01-01,12548000
2001-02-01,12516109
2001-03-01,12478047
2001-04-01,12449250
2001-05-01,12432308
2001-06-01,12398409
2001-07-01,12363722
2001-08-01,12336829
2001-09-01,12293647
2001-10-01,12254265
2001-11-01,12235068
2001-12-01,12235870
2002-01-01,12213965
2002-02-01,12231343
2002-03-01,12238658
2002-04-01,12274797
2002-05-01,12293240
2002-06-01,12298177
2002-07-01,12321378
2002-08-01,12309035
2002-09-01,12309228
2002-10-01,12296565
2002-11-01,12297989
2002-12-01,12306817
2003-01-01,12300583
2003-02-01,12296209
2003-03-01,12295821
2003-04-01,12277908
2003-05-01,12260579
2003-06-01,12245028
2003-07-01,12220628
2003-08-01,12222614
2003-09-01,12232570
2003-10-01,12267082
2003-11-01,12303348
2003-12-01,12322056
2004-01-01,12352182
2004-02-01,12378376
2004-03-01,12422683
2004-04-01,12439658
2004-05-01,12464467
2004-06-01,12487218
2004-07-01,12517291
2004-08-01,12534811
2004-09-01,12568471
2004-10-01,12602044
2004-11-01,12635116
2004-12-01,12664994
2005-01-01,12706888
2005-02-01,12746173
2005-03-01,12759321
2005-04-01,12791064
2005-05-01,12822888
2005-06-01,12853785
2005-07-01,12886711
2005-08-01,12937054
2005-09-01,12979324
2005-10-01,13034231
2005-11-01,13075984
2005-12-01,13116204
2006-01-01,13174031
2006-02-01,13225802
2006-03-01,13292948
2006-04-01,13352521
2006-05-01,13411781
2006-06-01,13478862
2006-07-01,13533406
2006-08-01,13579589
2006-09-01,13635661
2006-10-01,13662844
2006-11-01,13702279
2006-12-01,13744087
2007-01-01,13790077
2007-02-01,13847622
2007-03-01,13897311
2007-04-01,13934717
2007-05-01,13975854
2007-06-01,14032332
2007-07-01,14072609
2007-08-01,14111805
2007-09-01,14172032
2007-10-01,14198440
2007-11-01,14248075
2007-12-01,14222534
2008-01-01,14291853
2008-02-01,14313348
2008-03-01,14330341
2008-04-01,14350985
2008-05-01,14371396
2008-06-01,14385399
2008-07-01,14385620
2008-08-01,14402887
2008-09-01,14358265
2008-10-01,14312714
2008-11-01,14263599
2008-12-01,14173281
2009-01-01,14078107
2009-02-01,13968437
2009-03-01,13905260
2009-04-01,13862402
2009-05-01,13828559
2009-06-01,13788920
2009-07-01,13792995
2009-08-01,13811874
2009-09-01,13820862
2009-10-01,13856699
2009-11-01,13905006
2009-12-01,13981930
2010-01-01,14055761
2010-02-01,14132453
2010-03-01,14208808
2010-04-01,14283009
2010-05-01,14340012
2010-06-01,14395740
2010-07-01,14439357
2010-08-01,14499537
2010-09-01,14529779
2010-10-01,14604036
2010-11-01,14666477
2010-12-01,14723054
2011-01-01,14758255
2011-02-01,14806670
2011-03-01,14861068
2011-04-01,14905288
2011-05-01,14956783
2011-06-01,14990427
2011-07-01,15051971
2011-08-01,15086825
2011-09-01,15143953
2011-10-01,15196614
2011-11-01,15240386
2011-12-01,15318578
2012-01-01,15392652
2012-02-01,15458514
2012-03-01,15522991
2012-04-01,15564491
2012-05-01,15625788
2012-06-01,15702685
2012-07-01,15763444
2012-08-01,15805185
2012-09-01,15877103
2012-10-01,15921508
2012-11-01,15953813
2012-12-01,16023665
2013-01-01,16072679
2013-02-01,16114321
2013-03-01,16175523
2013-04-01,16199583
2013-05-01,16223596
2013-06-01,16250899
2013-07-01,16268130
2013-08-01,16304174
2013-09-01,16328116
2013-10-01,16376645
2013-11-01,16427511
2013-12-01,16488225
2014-01-01,16496891
2014-02-01,16547665
2014-03-01,16592684
2014-04-01,16672625
2014-05-01,16748672
2014-06-01,16797200
2014-07-01,16855538
2014-08-01,16910816
2014-09-01,16979503
2014-10-01,17045524
2014-11-01,17117106
2014-12-01,17187938
2015-01-01,17241108
2015-02-01,17293942
2015-03-01,17349607
2015-04-01,17416118
2015-05-01,17471789
2015-06-01,17538972
2015-07-01,17598070
2015-08-01,17640472
2015-09-01,17686088
2015-10-01,17733890
2015-11-01,17785228
2015-12-01,17825380
2016-01-01,17893239
2016-02-01,17949911
2016-03-01,18000875
2016-04-01,18048044
2016-05-01,18117102
2016-06-01,18182255
2016-07-01,18248586
2016-08-01,18310239
2016-09-01,18389961
2016-10-01,18446347
2016-11-01,18505949
2016-12-01,18554818
2017-01-01,18619235
2017-02-01,18683303
2017-03-01,18763532
2017-04-01,18830581
2017-05-01,18894485
2017-06-01,18981417
2017-07-01,19049172
2017-08-01,19126140
2017-09-01,19172922
2017-10-01,19247809
2017-11-01,19294145
2017-12-01,19357112
2018-01-01,19415876
2018-02-01,19500626
2018-03-01,19588348
2018-04-01,19662769
2018-05-01,19719267
2018-06-01,19736184
2018-07-01,19822196
2018-08-01,19877448
2018-09-01,19935091
2018-10-01,19956993
2018-11-01,19970747
2018-12-01,19984551
2019-01-01,20025595
2019-02-01,20066426
2019-03-01,20092749
2019-04-01,20148895
2019-05-01,20196103
2019-06-01,20217231
2019-07-01,20248677
2019-08-01,20225832
2019-09-01,20276321
2019-10-01,20295737
2019-11-01,20312651
2019-12-01,20330718
2020-01-01,20326208
2020-02-01,20356561
2020-03-01,20199304
2020-04-01,19675140
2020-05-01,19400055
2020-06-01,19323766
2020-07-01,19343282
2020-08-01,19383092
2020-09-01,19414014
2020-10-01,19477150
2020-11-01,19562587
2020-12-01,19656358
2021-01-01,19671392
2021-02-01,19701875
2021-03-01,19757540
2021-04-01,19827627
2021-05-01,19916442
2021-06-01,19992992
2021-07-01,20131465
2021-08-01,20209057
2021-09-01,20277608
2021-10-01,20337057
2021-11-01,20421017
2021-12-01,20495636
2022-01-01,20572433
2022-02-01,20659060
2022-03-01,20701382
2022-04-01,20757449
2022-05-01,20808696
2022-06-01,20876723
2022-07-01,20941752
2022-08-01,21014949
2022-09-01,21088717
2022-10-01,21158150
2022-11-01,21199283
2022-12-01,21262024
2023-01-01,21319910
2023-02-01,21398061
2023-03-01,21487525
2023-04-01,21567039
2023-05-01,21644097
2023-06-01,21691812
2023-07-01,21724512
2023-08-01,21773792
2023-09-01,21814900
2023-10-01,21859677
2023-11-01,21898355
2023-12-01,21948742
2024-01-01,21992335
2024-02-01,22024538
2024-03-01,22083380
2024-04-01,22121177
2024-05-01,22135766
2024-06-01,22157710
2024-07-01,22191722
2024-08-01,22194424
2024-09-01,22191049
2024-10-01,22177577
2024-11-01,22156223
2024-12-01,22168069
2025-01-01,22178416
2025-02-01,22186311
2025-03-01,22189148
2025-04-01,22183310
2025-05-01,22183012
2025-06-01,22163806
2025-07-01,22301283
2025-08-01,22299402
2025-09-01,22315514
2025-10-01,22373849
2025-11-01,22404760
2025-12-01,22474635
2026-01-01,22414395
2026-02-01,22480792
2026-03-01,22484381
2026-04-01,22529091
2026-05-01,22564970
2026-06-01,22643142
2026-07-01,22646608
