date,IGAE,ActividadIndustrial,FBCF
1993-01-01,56.2778528192,63.2720623041,54.5607650968
1993-02-01,57.7022153856,65.7545184654,55.7304853202
1993-03-01,57.8118627233,66.2254657118,56.4957325695
1993-04-01,57.1834541757,65.3942878753,56.0009157045
1993-05-01,57.8781693199,65.3882022874,57.0631933017
1993-06-01,57.4400144433,64.9011362642,54.9017644984
1993-07-01,58.3091249472,65.4899959102,55.8329365108
1993-08-01,58.0857253932,65.646416493,57.3138437484
1993-09-01,57.8383028097,65.4956387352,57.9250326027
1993-10-01,57.7529322322,65.7835751465,59.2078721987
1993-11-01,57.6107545933,65.8207090216,61.3002693713
1993-12-01,58.4809559634,66.8254085605,60.9620814986
1994-01-01,58.7405655047,67.2986695328,62.3887533176
1994-02-01,58.7087909344,66.9466360654,63.9644982885
1994-03-01,59.1913663582,67.6799520962,65.963404986
1994-04-01,60.4167924371,71.1011254774,67.5773517196
1994-05-01,60.3439381388,68.397739942,66.0349423538
1994-06-01,60.4263575642,68.3318694474,66.2846539617
1994-07-01,59.9420582519,68.2210340811,66.1345685192
1994-08-01,60.4516847959,69.0267402455,66.5823440221
1994-09-01,60.8752167062,69.2469543105,65.6680558406
1994-10-01,61.0857543073,68.8107948736,66.5722675946
1994-11-01,61.3116811855,68.5997423436,65.244540361
1994-12-01,60.7823194977,68.4206888668,58.1536113816
1995-01-01,60.9032848415,69.400683022,51.2705071675
1995-02-01,56.9953794654,63.1808951366,42.3416548186
1995-03-01,56.7175012079,62.1735285138,42.3768445928
1995-04-01,55.1037705001,59.5702584882,41.5162219552
1995-05-01,54.6918506521,59.2230678592,38.419311692
1995-06-01,55.2997684719,59.5462783638,40.134826846
1995-07-01,55.6973428528,59.9993162347,40.3419866745
1995-08-01,56.1275666625,60.1166249929,40.7372333733
1995-09-01,56.6147681729,61.0916256695,42.7454973805
1995-10-01,55.391646551,58.5610318254,42.8911157095
1995-11-01,57.1639822578,62.4612422764,44.4917349717
1995-12-01,59.2112451812,66.72751160360001,46.2164305339
1996-01-01,59.1358462971,66.2200623845,47.0531346979
1996-02-01,58.6138162215,65.7852352348,45.7720125944
1996-03-01,59.1174826832,66.9375647857,46.35862228
1996-04-01,58.8287518874,66.3680102201,48.1658309566
1996-05-01,59.6200260834,67.4209048329,49.0476426663
1996-06-01,60.1215048829,68.5586687561,50.7701119152
1996-07-01,60.1520596273,68.3597685583,52.0966577462
1996-08-01,60.1742441165,68.3930945695,52.0983719837
1996-09-01,60.6439029777,68.5650730573,52.6201279649
1996-10-01,61.1350785754,69.8701095134,54.1896973635
1996-11-01,61.9200241613,70.6265650921,53.8880355601
1996-12-01,62.3407803116,72.5336142562,55.3630160106
1997-01-01,62.0148289294,70.704754235,53.6201144674
1997-02-01,62.2604233485,71.2647517696,54.2939198158
1997-03-01,62.6280181229,71.7127195337,54.4186174138
1997-04-01,63.2982501471,72.7841543237,57.1285922011
1997-05-01,63.9151743472,73.5424957334,58.1277285601
1997-06-01,64.5873174863,74.3643545764,59.1237432753
1997-07-01,64.5740508359,74.9794372047,59.3413105465
1997-08-01,65.1007076097,75.5316647558,60.9988432406
1997-09-01,65.4331245126,75.6593538702,60.5130269213
1997-10-01,66.362841598,76.5776912091,60.7830215112
1997-11-01,66.9595033983,77.1464968063,62.7752417308
1997-12-01,66.7456525861,77.2917681316,60.9529067555
1998-01-01,67.1777801256,78.2440628646,60.8086624235
1998-02-01,68.0368531052,79.4663674578,65.2274693668
1998-03-01,68.5969584809,79.9635603523,66.200796014
1998-04-01,68.5924667225,79.6363665672,64.3720916498
1998-05-01,68.500945773,79.9695155649,66.8632921514
1998-06-01,68.1525737053,79.0426377744,64.1932103072
1998-07-01,68.6275792606,79.2203606083,65.2007430723
1998-08-01,68.8953224499,79.6928188526,64.8343241428
1998-09-01,68.6114410785,79.5248464159,66.2952712471
1998-10-01,68.5247607237,79.6963761534,65.5412273263
1998-11-01,68.6491891078,79.6644430188,64.2381736368
1998-12-01,69.0233827057,80.3732559619,65.1952809633
1999-01-01,69.5404231853,80.3213105569,67.2376199994
1999-02-01,69.4436842314,80.4900019228,67.468104558
1999-03-01,69.68014519,80.6276814194,68.3156260356
1999-04-01,69.8381696425,81.3377502529,67.5172107033
1999-05-01,70.1084797238,80.6291967456,67.3720861337
1999-06-01,69.8055224133,80.2759385201,68.0306416918
1999-07-01,70.347283103,80.4427493616,66.5263447145
1999-08-01,70.2553731755,80.6825492091,67.3526926372
1999-09-01,70.9174780026,81.566607319,67.1429751885
1999-10-01,70.8136361471,81.0463214972,67.7700447426
1999-11-01,71.0010524584,81.7379024526,68.5213195267
1999-12-01,71.666512979,82.2676475221,70.00253706
2000-01-01,73.6354365122,83.5093541632,70.5364088851
2000-02-01,73.1835529871,84.7479176485,70.7484036618
2000-03-01,73.0976067602,85.202723295,70.1000515876
2000-04-01,73.2437354419,84.7203707025,72.2168317738
2000-05-01,73.8035899966,85.3414779398,71.7254054442
2000-06-01,74.349105772,86.0985120484,71.7649824998
2000-07-01,74.7638692964,86.825024256,71.9740923453
2000-08-01,74.3495302059,85.8469124926,72.2387130656
2000-09-01,74.334399875,85.4429904204,70.9688133938
2000-10-01,74.4091841887,85.2917781615,71.8331098745
2000-11-01,74.172891623,84.360664401,70.6043951197
2000-12-01,73.4954359434,82.3143941606,68.5169467062
2001-01-01,74.1785040772,85.0351315869,67.764805265
2001-02-01,73.5751962957,84.3849813298,67.1134538484
2001-03-01,73.4274783551,83.3441014369,66.9003904401
2001-04-01,73.2685415084,82.5828080446,65.5566796234
2001-05-01,73.1747190145,83.1577562253,65.0865261457
2001-06-01,73.2430813031,82.9376035566,65.5556396507
2001-07-01,73.1188017371,82.9544383812,67.0670637968
2001-08-01,73.503542838,82.9236362762,66.6660536443
2001-09-01,73.4101134809,83.2263313608,66.8131973213
2001-10-01,72.5849788803,81.5966099077,64.8580306871
2001-11-01,72.8725152385,82.3191145917,65.893578812
2001-12-01,72.7113194048,81.7457637352,66.3026737617
2002-01-01,71.8325039311,80.9764077435,64.5159467778
2002-02-01,71.7570416249,79.3134091923,63.9979609852
2002-03-01,72.3610219772,80.2171156275,62.3872706106
2002-04-01,72.9253269901,81.6384277178,63.5818713999
2002-05-01,72.9690093823,81.0191873273,64.6205574157
2002-06-01,72.9112077734,81.2218347433,64.0221795127
2002-07-01,73.1974805002,81.4307539957,64.8392935922
2002-08-01,73.792435119,82.3740658394,65.0036804399
2002-09-01,73.6089576811,82.3369178003,66.3142512895
2002-10-01,73.9629009058,83.2610422494,65.9388008959
2002-11-01,73.5166958297,83.2950693222,66.781613339
2002-12-01,73.5633905406,82.4624640024,65.9622915469
2003-01-01,73.5127060957,80.8072590619,65.9432007273
2003-02-01,73.953942758,82.6076621793,67.4342968746
2003-03-01,73.4120196195,82.069679135,66.1105330809
2003-04-01,73.504118537,82.2503702168,66.8303585309
2003-05-01,73.2902632503,82.5034449762,65.873860545
2003-06-01,73.8949887389,83.0161181791,66.5438005302
2003-07-01,73.9175110909,82.784531794,66.3889256833
2003-08-01,73.2333317988,82.5725106578,66.4167206761
2003-09-01,73.4578640293,82.3889629872,64.8719162593
2003-10-01,73.7495443305,82.963211784,65.9138983906
2003-11-01,73.8863392846,82.431167529,64.8857131653
2003-12-01,74.7792187629,83.8516363794,66.1286840831
2004-01-01,75.1301321552,84.1058339378,69.7516798476
2004-02-01,75.3544977717,84.2272786242,68.5580642418
2004-03-01,76.2809870048,85.9846064375,70.0709234847
2004-04-01,76.0208741784,85.8501895413,70.4776641671
2004-05-01,76.1477767965,85.5000707973,70.3337001543
2004-06-01,76.5062478483,86.0201811836,70.7731352058
2004-07-01,76.0453700132,85.5883811009,70.2177530899
2004-08-01,76.2357212645,85.5747820204,69.2768050359
2004-09-01,76.2247846131,85.6711371087,70.0119089192
2004-10-01,76.453242998,85.9962363253,71.1184837843
2004-11-01,77.1359320536,86.0393602312,71.6521546749
2004-12-01,77.0680746814,86.2838047589,71.5426282995
2005-01-01,77.1343760276,86.5007638586,73.2020250726
2005-02-01,77.2719923065,86.874540866,71.8330518357
2005-03-01,76.9354443399,86.6538442494,73.325047237
2005-04-01,77.3319960926,86.9465385136,71.8816120703
2005-05-01,77.5130013975,87.7337620476,72.6771808995
2005-06-01,76.8612069853,86.6567046077,73.1042441978
2005-07-01,77.1134085472,85.3777222121,72.4746333796
2005-08-01,78.1223318726,87.6000467054,73.6209265381
2005-09-01,78.5358471829,88.292140932,74.2752523927
2005-10-01,78.7595408517,88.5377585773,74.5716977046
2005-11-01,79.4774544294,89.8426590056,76.834260543
2005-12-01,79.9671931984,90.9429634571,77.8403841097
2006-01-01,81.4547020585,91.1862015299,78.6922076063
2006-02-01,80.6010107705,90.5973060473,77.780658081
2006-03-01,80.6830855608,91.4456552175,79.7091729527
2006-04-01,81.1224306687,91.5628692592,80.4474425689
2006-05-01,81.9552761412,92.4720390755,80.7275583078
2006-06-01,81.835470577,92.5475467694,80.5666507794
2006-07-01,81.7971662464,92.5187603373,81.1528396577
2006-08-01,82.0052726923,92.9550180002,82.5743174122
2006-09-01,81.975106992,92.6379287479,83.4255195986
2006-10-01,82.208797716,92.6501025959,82.255911863
2006-11-01,81.9399761808,92.8355111262,82.4619530563
2006-12-01,82.3171218873,91.9211245463,83.2706787792
2007-01-01,82.390163735,92.0213197103,81.2323469448
2007-02-01,82.4443216685,92.7169960962,83.237274669
2007-03-01,82.9124548306,93.6884340396,83.6564447837
2007-04-01,83.2903373236,93.4349755001,84.9428117006
2007-05-01,83.4713168981,93.4531323521,85.1307706265
2007-06-01,83.8205077492,93.4291843921,83.5891188294
2007-07-01,83.6765870199,93.408442939,86.7479868258
2007-08-01,83.8701714081,92.9225342523,87.7834707789
2007-09-01,84.041870709,93.4833009474,92.7073464949
2007-10-01,83.9188850486,93.1504846011,90.4095621407
2007-11-01,83.5993523198,92.514844068,90.9588370206
2007-12-01,83.6413270526,93.0985179359,90.5434404495
2008-01-01,84.133775159,92.899664937,91.9843363721
2008-02-01,84.2515710798,94.8660589358,94.2317733324
2008-03-01,83.0886951732,92.7272708282,92.4460149214
2008-04-01,84.689093539,92.7589884529,93.0186712306
2008-05-01,84.2439526632,92.8725242356,95.0910559904
2008-06-01,84.9165908905,93.9099995175,96.1926613115
2008-07-01,84.8499996916,92.1846719874,97.6937310496
2008-08-01,83.9340769764,92.1762471877,92.9146609494
2008-09-01,83.6879950266,91.4211516386,91.0564962084
2008-10-01,83.7731972182,91.5293081449,91.2175555147
2008-11-01,82.6380714065,89.9938741844,89.7614027366
2008-12-01,81.711357573,88.985152754,85.6786730802
2009-01-01,78.1556727861,84.3248760016,81.6295840696
2009-02-01,77.8533892606,83.9623840125,80.9837580661
2009-03-01,77.6631132355,83.2383757178,80.7477519891
2009-04-01,76.987615746,83.2666630561,80.1555593064
2009-05-01,76.627576564,83.0480991611,80.3226270186
2009-06-01,77.8427640858,82.8566030366,81.4497146013
2009-07-01,79.2322315514,84.7259542337,83.0089607972
2009-08-01,79.0764138319,84.6881726951,81.0851911615
2009-09-01,79.6730535656,85.9214581739,82.0142973126
2009-10-01,80.288648113,86.3606012902,81.5190144347
2009-11-01,81.0873331792,87.6743522234,81.3262383379
2009-12-01,81.5545679455,88.0642924675,83.1820088974
2010-01-01,80.8530034784,87.8845596006,84.3480514717
2010-02-01,81.513567477,87.4910815175,83.8247154681
2010-03-01,82.0706073417,88.5240975039,86.0879046979
2010-04-01,83.0179069822,89.4879772703,87.1912378014
2010-05-01,82.8531058595,88.9573804588,85.3489718391
2010-06-01,82.8298900824,88.9779599372,85.9227741527
2010-07-01,83.1170737679,88.735533661,84.2003563653
2010-08-01,83.3076072499,89.4640272136,86.1222031258
2010-09-01,83.548894946,88.9668259347,87.0662342653
2010-10-01,83.5151381909,89.024876836,88.2733512098
2010-11-01,83.6826035801,88.8501336856,88.4641167137
2010-12-01,84.3643173825,89.6709590162,89.4362297242
2011-01-01,84.4825354017,89.8147822398,91.2134482646
2011-02-01,84.6730804434,89.6138696408,88.9464757026
2011-03-01,85.2074220232,90.2925934716,88.4432704598
2011-04-01,84.3710617861,90.2089858788,89.757505896
2011-05-01,85.5263783248,91.0020471935,92.2840320984
2011-06-01,85.869865986,91.841239456,95.7832857325
2011-07-01,86.1302985675,91.6410865534,94.6508602348
2011-08-01,86.8420110232,92.073650802,96.7521168273
2011-09-01,86.9464066924,91.9282724901,94.6298399027
2011-10-01,86.987575947,93.1387734687,96.566644984
2011-11-01,87.6010322464,93.9664721637,97.379073702
2011-12-01,87.5531802123,94.4680061639,98.8797051996
2012-01-01,88.3363833192,94.5746847544,96.9006355484
2012-02-01,88.5178858634,94.5612341055,97.1286331089
2012-03-01,88.6915833842,94.6574529404,96.3215849913
2012-04-01,88.9088108391,95.1542823502,98.6940245415
2012-05-01,88.5142038534,94.753720036,98.0810211671
2012-06-01,89.1120784341,95.2353211824,96.5207774558
2012-07-01,89.47218698,95.9838522159,99.6015422715
2012-08-01,88.9597387694,94.6221712761,97.2894007966
2012-09-01,89.3152663558,95.8699976513,99.5945601466
2012-10-01,89.2151884501,94.0324394285,97.0573769766
2012-11-01,90.0843581033,94.8251854337,98.1178840882
2012-12-01,89.76259628,94.3054642881,94.2764729648
2013-01-01,89.6844498034,94.4352135551,94.656601074
2013-02-01,89.5589280582,95.13950553,96.9873955346
2013-03-01,89.4970436167,94.1530260265,96.3311367503
2013-04-01,89.1968366162,93.2926337139,93.4522386035
2013-05-01,89.9267582212,94.7809778135,95.0715625078
2013-06-01,89.6420503303,93.8346415049,91.7812565677
2013-07-01,89.6914125411,94.0038455324,93.7196823223
2013-08-01,90.2571296052,94.9148191685,91.7637419266
2013-09-01,90.1335909882,94.0083970971,91.5849628738
2013-10-01,90.4196096019,95.011957185,91.9575257744
2013-11-01,90.2134774873,94.7465549723,90.9922988676
2013-12-01,90.7542812757,95.0436519026,93.9221754953
2014-01-01,90.0152473247,95.1246098094,91.728676247
2014-02-01,91.1966618437,95.4597869796,94.663796019
2014-03-01,91.45301427,96.897447431,95.5656959795
2014-04-01,91.8717775052,97.4622411363,95.5076843576
2014-05-01,92.5483897007,97.5572185248,95.2145381648
2014-06-01,92.2068070594,97.813903025,95.7312091373
2014-07-01,92.7741787014,97.2154360397,94.2809918421
2014-08-01,92.1488330678,96.7670187448,95.5062748407
2014-09-01,92.3594081169,97.4047492423,94.5469466404
2014-10-01,93.0099412012,98.253745995,98.9577175743
2014-11-01,93.1564050646,98.0839490203,98.2621083263
2014-12-01,93.0513450782,97.8872623033,97.9442121507
2015-01-01,93.1176195247,97.5116165758,99.1487940798
2015-02-01,93.4715320604,98.1771503884,96.1700117907
2015-03-01,93.6681556554,97.6593349871,97.2138550394
2015-04-01,94.5109961269,98.7413422197,100.7569503258
2015-05-01,93.8494644734,97.8685296999,98.6629371306
2015-06-01,94.2951874633,98.3463970934,100.7963723726
2015-07-01,95.0210850531,99.4305469272,102.7063168875
2015-08-01,94.9778326017,99.7675603276,102.2034849678
2015-09-01,96.4307257028,101.8532617918,103.3277058608
2015-10-01,95.2382568486,99.7332932312,99.7363585712
2015-11-01,94.6137408545,99.0028797112,100.9791678701
2015-12-01,94.8918389625,99.4619347011,98.6882798614
2016-01-01,95.0572442889,99.3948958657,99.4387889964
2016-02-01,95.5508604072,99.5197825318,101.3048689729
2016-03-01,95.0957950302,98.7536682048,99.7026879783
2016-04-01,95.1868157383,98.7004809173,99.8123912487
2016-05-01,95.5218207985,98.9679101144,98.6950309227
2016-06-01,95.9257038441,98.6790040828,99.2799756324
2016-07-01,95.8317719855,98.6929642033,97.5043019198
2016-08-01,96.1398469655,98.7913198348,100.7256839439
2016-09-01,96.7553160227,99.1500109379,100.47351045
2016-10-01,97.0003590631,99.101706216,101.7548287738
2016-11-01,97.2423081007,100.245215314,103.1315443533
2016-12-01,97.7174279758,99.9369988088,102.8318041586
2017-01-01,98.0066738913,100.6471041897,100.8876721402
2017-02-01,97.5461597747,100.1940154004,99.4654318531
2017-03-01,97.8738131602,100.8881885956,100.4339102413
2017-04-01,97.8487406093,99.7891863698,97.285169884
2017-05-01,97.6480260137,99.8309821123,99.639794625
2017-06-01,98.1556757186,99.9062642183,100.482518839
2017-07-01,97.2939698084,99.1230093998,99.1794116497
2017-08-01,98.3327560993,99.7282104003,100.1018571265
2017-09-01,97.1532798143,98.7482198127,99.9738346348
2017-10-01,98.4680564941,99.8647855388,99.4851001508
2017-11-01,99.2000086434,100.0303941832,99.4975463466
2017-12-01,99.8332098205,100.735973371,102.6613916298
2018-01-01,99.1312891102,99.8424486988,100.4305969915
2018-02-01,99.6457225971,100.2705558756,101.5566734335
2018-03-01,100.3315240405,100.3259043561,102.0175477957
2018-04-01,99.4313624565,98.9801818207,100.1514639682
2018-05-01,100.1819870335,100.6705364535,102.2551042255
2018-06-01,99.9358612833,100.4915436127,101.8843598094
2018-07-01,100.2952775154,100.8106900275,102.555314774
2018-08-01,100.5818205185,99.9776136131,98.7288986303
2018-09-01,100.6798616636,101.0765818853,101.6952357409
2018-10-01,100.5638047325,100.169242508,102.0134588874
2018-11-01,100.0467238636,99.1813754499,95.9353111454
2018-12-01,99.6473514847,98.9232478926,94.7566617949
2019-01-01,100.1486006554,99.0795619233,99.1855939655
2019-02-01,100.3970986648,99.5605515913,98.4306419404
2019-03-01,99.2262060644,98.3370624159,96.7212622754
2019-04-01,99.6622257349,99.3389293454,98.0086909857
2019-05-01,99.2457114498,98.4243607652,95.0400591617
2019-06-01,99.7462827884,99.4000479492,95.4981600971
2019-07-01,99.5373238516,98.8060108235,94.3681245613
2019-08-01,99.6428023874,98.635231793,94.9439114232
2019-09-01,100.0752867205,98.5538544207,93.8050396177
2019-10-01,99.0597010645,96.5156172504,94.0729695278
2019-11-01,99.2629286063,96.9231444671,94.4305431366
2019-12-01,99.0882278115,96.16023779,92.7468044463
2020-01-01,99.9208770073,97.3179710875,91.9200225901
2020-02-01,98.9136143493,96.7590259612,89.4961939868
2020-03-01,95.6661572709,93.5627522286,86.8447171803
2020-04-01,77.612495424,69.8628698378,60.7569708517
2020-05-01,76.1644251365,69.7710212007,59.8672790183
2020-06-01,85.1938817545,84.8887208244,72.9874859918
2020-07-01,89.5084678823,88.6182809096,74.8803496416
2020-08-01,92.1359500157,91.9834641392,77.5254640101
2020-09-01,94.6348197517,94.2697387829,79.7792261154
2020-10-01,95.6426662572,95.4931955127,80.584233566
2020-11-01,96.3823855895,95.8663349428,85.6029256275
2020-12-01,96.0988822948,95.4089773421,82.803233687
2021-01-01,96.15075696,94.6586419253,83.6698718173
2021-02-01,95.5327519833,93.658819303,85.7729182271
2021-03-01,97.434063884,95.7884445413,87.507791008
2021-04-01,97.2491482597,95.6077726751,87.4678358323
2021-05-01,97.2534146201,95.0949838745,86.929928245
2021-06-01,97.0903103099,94.9276275765,84.1350743711
2021-07-01,96.7474468319,95.1300939768,87.0964294975
2021-08-01,96.0258972809,95.4820416822,88.330199301
2021-09-01,95.7989527016,94.4612128484,87.7779156547
2021-10-01,96.4730861306,95.4646766986,87.8852503769
2021-11-01,97.0996101785,95.9709796544,88.627417778
2021-12-01,97.6278605311,97.1807140955,88.7129154581
2022-01-01,98.2632454576,98.4089442009,91.4285828058
2022-02-01,98.4573874881,98.366170419,91.2793766161
2022-03-01,99.1265740506,99.2976135147,94.4494398622
2022-04-01,99.78036672,99.8830586077,94.5239606638
2022-05-01,99.8065668858,99.6863105419,93.5899192677
2022-06-01,99.4766512171,99.1471657153,93.0001642469
2022-07-01,100.0286731607,99.82114184,92.0285466019
2022-08-01,100.5216601242,100.254132894,94.1856096293
2022-09-01,100.6948593174,99.8356468526,93.6346345847
2022-10-01,101.0940218114,99.8637442577,94.4638523198
2022-11-01,101.659392438,100.9605900675,96.4578540405
2022-12-01,102.5356260233,102.3825894453,99.9769770211
2023-01-01,102.5980201446,101.9297140097,100.541975513
2023-02-01,101.9319837382,101.6105217885,102.2213580197
2023-03-01,101.7197669546,101.629352578,102.6189484371
2023-04-01,102.7338840737,102.1224429738,102.7906680173
2023-05-01,102.9112324015,102.6114966942,105.9997641099
2023-06-01,103.3528525903,103.0327993787,108.3236318916
2023-07-01,103.3749842622,102.9929044187,106.3147546546
2023-08-01,103.7195414556,103.1409697098,108.1877487525
2023-09-01,104.5900175082,103.8062493227,111.2006955066
2023-10-01,104.6198851801,104.8098945018,113.1020118469
2023-11-01,103.8509401665,103.0971962525,110.1985886211
2023-12-01,104.2898592955,103.0304719198,111.6784921116
2024-01-01,104.3230061878,103.6274925154,112.5102800147
2024-02-01,104.6728299396,102.0232763825,112.3998970341
2024-03-01,104.94320153460001,102.6509133292,111.7543923039
2024-04-01,103.5864230564,101.6644914448,112.2308530201
2024-05-01,104.4319579798,101.8538552919,111.9004026467
2024-06-01,104.5894114656,102.1153649002,110.8358725938
2024-07-01,105.6396875743,102.7168721376,113.469361331
2024-08-01,104.7616685758,102.2381835408,112.4294840666
2024-09-01,105.0199275173,102.8669482902,110.9568909127
2024-10-01,104.0142900474,101.1286183306,109.2742247498
2024-11-01,104.5047662287,101.3149038296,109.7640740047
2024-12-01,103.5336239482,100.0972769627,106.0682961135
2025-01-01,104.2945034375,100.3271778563,105.1871517502
2025-02-01,105.2834769376,102.1030295338,105.9880970954
2025-03-01,104.9759992981,101.7186703655,106.1758814482
2025-04-01,104.679834425,100.6912368995,102.3324286055
2025-05-01,104.8777490968,101.6585805914,104.7819454694
2025-06-01,105.0525166923,101.2818051823,102.6993778742
2025-07-01,104.4744154323,100.1185497065,104.7876447108
2025-08-01,104.9705865002,100.0104635612,101.896943359
2025-09-01,104.5118062496,99.8751175936,101.9853668518
2025-10-01,105.5346248861,100.6907862646,102.9932620053
2025-11-01,105.4436275151,101.304239214,103.571704492
2025-12-01,105.8587292674,101.429791885,104.0200602911
2026-01-01,104.7896722553,100.4751407547,103.0605429506
2026-02-01,105.083788772,100.9851548617,102.7026960723
2026-03-01,105.5937629351,100.43403796,103.355682379
2026-04-01,107.3299514715,102.5471029079,107.7697250793
2026-05-01,106.8538775695,101.8471113921,107.2878818744
2026-06-01,106.7913751502,102.0773318562,108.7359934718
2026-07-01,,102.5367509347,
