date,TC
1992-01-01,3.06772
1992-02-01,3.06291
1992-03-01,3.06677
1992-04-01,3.06941
1992-05-01,3.10184
1992-06-01,3.11916
1992-07-01,3.11557
1992-08-01,3.0881
1992-09-01,3.0893
1992-10-01,3.12445
1992-11-01,3.11832
1992-12-01,3.11888
1993-01-01,3.10869
1993-02-01,3.09784
1993-03-01,3.10797
1993-04-01,3.09758
1993-05-01,3.12334
1993-06-01,3.12111
1993-07-01,3.12365
1993-08-01,3.11211
1993-09-01,3.11319
1993-10-01,3.11522
1993-11-01,3.15307
1993-12-01,3.10796
1994-01-01,3.1072
1994-02-01,3.12112
1994-03-01,3.29936
1994-04-01,3.34559
1994-05-01,3.31668
1994-06-01,3.3667
1994-07-01,3.40192
1994-08-01,3.38079
1994-09-01,3.40096
1994-10-01,3.41952
1994-11-01,3.44284
1994-12-01,4.0836
1995-01-01,5.62534
1995-02-01,5.6695
1995-03-01,6.77216
1995-04-01,6.20638
1995-05-01,5.98607
1995-06-01,6.22688
1995-07-01,6.12499
1995-08-01,6.20552
1995-09-01,6.3134
1995-10-01,6.74983
1995-11-01,7.70558
1995-12-01,7.68073
1996-01-01,7.476
1996-02-01,7.52403
1996-03-01,7.56874
1996-04-01,7.4617
1996-05-01,7.4326
1996-06-01,7.56035
1996-07-01,7.62062
1996-08-01,7.5115
1996-09-01,7.54404
1996-10-01,7.72627
1996-11-01,7.90602
1996-12-01,7.87407
1997-01-01,7.82699
1997-02-01,7.80033
1997-03-01,7.96471
1997-04-01,7.90744
1997-05-01,7.90063
1997-06-01,7.9502
1997-07-01,7.87215
1997-08-01,7.78285
1997-09-01,7.78048
1997-10-01,7.86029
1997-11-01,8.26893
1997-12-01,8.12185
1998-01-01,8.21768
1998-02-01,8.50135
1998-03-01,8.5676
1998-04-01,8.49654
1998-05-01,8.59338
1998-06-01,8.91313
1998-07-01,8.89597
1998-08-01,9.3633
1998-09-01,10.23073
1998-10-01,10.15356
1998-11-01,9.96816
1998-12-01,9.90569
1999-01-01,10.13513
1999-02-01,9.99388
1999-03-01,9.7316
1999-04-01,9.41846
1999-05-01,9.41052
1999-06-01,9.51388
1999-07-01,9.3657
1999-08-01,9.3966
1999-09-01,9.33578
1999-10-01,9.56674
1999-11-01,9.39881
1999-12-01,9.42489
2000-01-01,9.48778
2000-02-01,9.42516
2000-03-01,9.28758
2000-04-01,9.39033
2000-05-01,9.51581
2000-06-01,9.82954
2000-07-01,9.4212
2000-08-01,9.27094
2000-09-01,9.35401
2000-10-01,9.53136
2000-11-01,9.5004
2000-12-01,9.46616
2001-01-01,9.77658
2001-02-01,9.70449
2001-03-01,9.60055
2001-04-01,9.32681
2001-05-01,9.13717
2001-06-01,9.08673
2001-07-01,9.16182
2001-08-01,9.13075
2001-09-01,9.41886
2001-10-01,9.34499
2001-11-01,9.22364
2001-12-01,9.15608
2002-01-01,9.1616
2002-02-01,9.09981
2002-03-01,9.07074
2002-04-01,9.16285
2002-05-01,9.51918
2002-06-01,9.76519
2002-07-01,9.78075
2002-08-01,9.83961
2002-09-01,10.07136
2002-10-01,10.09503
2002-11-01,10.19745
2002-12-01,10.22492
2003-01-01,10.62031
2003-02-01,10.93716
2003-03-01,10.91239
2003-04-01,10.59174
2003-05-01,10.2512
2003-06-01,10.50468
2003-07-01,10.45024
2003-08-01,10.78114
2003-09-01,10.92689
2003-10-01,11.17477
2003-11-01,11.14498
2003-12-01,11.24859
2004-01-01,10.91507
2004-02-01,11.01417
2004-03-01,11.00941
2004-04-01,11.27506
2004-05-01,11.51243
2004-06-01,11.38939
2004-07-01,11.46359
2004-08-01,11.39418
2004-09-01,11.48639
2004-10-01,11.39832
2004-11-01,11.36815
2004-12-01,11.20411
2005-01-01,11.26074
2005-02-01,11.13672
2005-03-01,11.1427
2005-04-01,11.1163
2005-05-01,10.97326
2005-06-01,10.82278
2005-07-01,10.67814
2005-08-01,10.68822
2005-09-01,10.77754
2005-10-01,10.83244
2005-11-01,10.66845
2005-12-01,10.62945
2006-01-01,10.547
2006-02-01,10.48328
2006-03-01,10.74676
2006-04-01,11.04212
2006-05-01,11.09228
2006-06-01,11.39126
2006-07-01,10.98579
2006-08-01,10.87197
2006-09-01,10.98531
2006-10-01,10.89715
2006-11-01,10.91773
2006-12-01,10.84787
2007-01-01,10.95286
2007-02-01,10.9998
2007-03-01,11.11386
2007-04-01,10.98058
2007-05-01,10.81669
2007-06-01,10.83498
2007-07-01,10.81093
2007-08-01,11.04563
2007-09-01,11.0315
2007-10-01,10.82314
2007-11-01,10.88664
2007-12-01,10.84839
2008-01-01,10.91001
2008-02-01,10.76653
2008-03-01,10.73131
2008-04-01,10.51535
2008-05-01,10.43515
2008-06-01,10.32921
2008-07-01,10.21552
2008-08-01,10.10951
2008-09-01,10.64369
2008-10-01,12.63139
2008-11-01,13.11395
2008-12-01,13.42263
2009-01-01,13.89211
2009-02-01,14.59664
2009-03-01,14.66953
2009-04-01,13.43674
2009-05-01,13.16209
2009-06-01,13.3418
2009-07-01,13.36541
2009-08-01,13.00803
2009-09-01,13.42115
2009-10-01,13.22566
2009-11-01,13.10937
2009-12-01,12.86309
2010-01-01,12.80186
2010-02-01,12.94242
2010-03-01,12.57366
2010-04-01,12.23015
2010-05-01,12.74282
2010-06-01,12.71933
2010-07-01,12.81887
2010-08-01,12.76946
2010-09-01,12.79975
2010-10-01,12.43738
2010-11-01,12.33906
2010-12-01,12.38849
2011-01-01,12.12585
2011-02-01,12.07032
2011-03-01,11.99917
2011-04-01,11.7184
2011-05-01,11.6533
2011-06-01,11.80602
2011-07-01,11.67256
2011-08-01,12.23191
2011-09-01,13.04452
2011-10-01,13.435
2011-11-01,13.69929
2011-12-01,13.76888
2012-01-01,13.41778
2012-02-01,12.78306
2012-03-01,12.7567
2012-04-01,13.06967
2012-05-01,13.66338
2012-06-01,13.9192
2012-07-01,13.36608
2012-08-01,13.18452
2012-09-01,12.93944
2012-10-01,12.891
2012-11-01,13.0746
2012-12-01,12.87048
2013-01-01,12.699
2013-02-01,12.72288
2013-03-01,12.52472
2013-04-01,12.20504
2013-05-01,12.31149
2013-06-01,12.95958
2013-07-01,12.76586
2013-08-01,12.91781
2013-09-01,13.07591
2013-10-01,12.99922
2013-11-01,13.07956
2013-12-01,13.00755
2014-01-01,13.22302
2014-02-01,13.28078
2014-03-01,13.19508
2014-04-01,13.07084
2014-05-01,12.92473
2014-06-01,12.99576
2014-07-01,12.99044
2014-08-01,13.14064
2014-09-01,13.2352
2014-10-01,13.47625
2014-11-01,13.62161
2014-12-01,14.5129
2015-01-01,14.69259
2015-02-01,14.92134
2015-03-01,15.22834
2015-04-01,15.22618
2015-05-01,15.26447
2015-06-01,15.48304
2015-07-01,15.93958
2015-08-01,16.53676
2015-09-01,16.85776
2015-10-01,16.564
2015-11-01,16.63569
2015-12-01,17.06662
2016-01-01,18.07277
2016-02-01,18.4731
2016-03-01,17.64905
2016-04-01,17.48768
2016-05-01,18.15419
2016-06-01,18.65297
2016-07-01,18.60144
2016-08-01,18.47487
2016-09-01,19.19241
2016-10-01,18.89241
2016-11-01,20.11846
2016-12-01,20.52058
2017-01-01,21.38527
2017-02-01,20.29054
2017-03-01,19.30103
2017-04-01,18.78748
2017-05-01,18.75566
2017-06-01,18.13261
2017-07-01,17.82834
2017-08-01,17.80703
2017-09-01,17.83565
2017-10-01,18.8161
2017-11-01,18.91578
2017-12-01,19.18122
2018-01-01,18.90739
2018-02-01,18.64494
2018-03-01,18.63084
2018-04-01,18.38719
2018-05-01,19.591
2018-06-01,20.3032
2018-07-01,19.00952
2018-08-01,18.85751
2018-09-01,19.01543
2018-10-01,19.18587
2018-11-01,20.26117
2018-12-01,20.11118
2019-01-01,19.1651
2019-02-01,19.20488
2019-03-01,19.24774
2019-04-01,18.98635
2019-05-01,19.11965
2019-06-01,19.27447
2019-07-01,19.0534
2019-08-01,19.68504
2019-09-01,19.58651
2019-10-01,19.32418
2019-11-01,19.33247
2019-12-01,19.10708
2020-01-01,18.80402
2020-02-01,18.84432
2020-03-01,22.3784
2020-04-01,24.26584
2020-05-01,23.42302
2020-06-01,22.29896
2020-07-01,22.40328
2020-08-01,22.20716
2020-09-01,21.68098
2020-10-01,21.2705
2020-11-01,20.38192
2020-12-01,19.96508
2021-01-01,19.92148
2021-02-01,20.30973
2021-03-01,20.75545
2021-04-01,20.01529
2021-05-01,19.96313
2021-06-01,20.03007
2021-07-01,19.97011
2021-08-01,20.07614
2021-09-01,20.04869
2021-10-01,20.46256
2021-11-01,20.90042
2021-12-01,20.89184
2022-01-01,20.49777
2022-02-01,20.44952
2022-03-01,20.55621
2022-04-01,20.10881
2022-05-01,20.03053
2022-06-01,20.02374
2022-07-01,20.54672
2022-08-01,20.12093
2022-09-01,20.07502
2022-10-01,19.98454
2022-11-01,19.44491
2022-12-01,19.59296
2023-01-01,18.98634
2023-02-01,18.59857
2023-03-01,18.3749
2023-04-01,18.08549
2023-05-01,17.7373
2023-06-01,17.2412
2023-07-01,16.90494
2023-08-01,16.97664
2023-09-01,17.30769
2023-10-01,18.08233
2023-11-01,17.3767
2023-12-01,17.18599
2024-01-01,17.08732
2024-02-01,17.08978
2024-03-01,16.79179
2024-04-01,16.81044
2024-05-01,16.79356
2024-06-01,18.21737
2024-07-01,18.11169
2024-08-01,19.15148
2024-09-01,19.63163
2024-10-01,19.70618
2024-11-01,20.34549
2024-12-01,20.26606
2025-01-01,20.54902
2025-02-01,20.45714
2025-03-01,20.24174
2025-04-01,20.05635
2025-05-01,19.4355
2025-06-01,19.02998
2025-07-01,18.69093
2025-08-01,18.70633
2025-09-01,18.49901
2025-10-01,18.42958
2025-11-01,18.41848
2025-12-01,18.0739
2026-01-01,17.6449
2026-02-01,17.22277
2026-03-01,17.76921
2026-04-01,17.41873
2026-05-01,17.30336
2026-06-01,17.38191
2026-07-01,17.46074
