date,INDPRO,ICSA
1919-01-01,4.8739,
1919-02-01,4.6585,
1919-03-01,4.5238,
1919-04-01,4.6046,
1919-05-01,4.6315,
1919-06-01,4.9277,
1919-07-01,5.2239,
1919-08-01,5.3047,
1919-09-01,5.197,
1919-10-01,5.1432,
1919-11-01,5.0624,
1919-12-01,5.1432,
1920-01-01,5.6279,
1920-02-01,5.6279,
1920-03-01,5.5201,
1920-04-01,5.2239,
1920-05-01,5.3586,
1920-06-01,5.4124,
1920-07-01,5.2778,
1920-08-01,5.3047,
1920-09-01,5.1162,
1920-10-01,4.9008,
1920-11-01,4.4969,
1920-12-01,4.2276,
1921-01-01,3.9853,
1921-02-01,3.9045,
1921-03-01,3.7968,
1921-04-01,3.7968,
1921-05-01,3.9045,
1921-06-01,3.8776,
1921-07-01,3.8506,
1921-08-01,3.9853,
1921-09-01,4.0122,
1921-10-01,4.2545,
1921-11-01,4.2007,
1921-12-01,4.1738,
1922-01-01,4.3353,
1922-02-01,4.5238,
1922-03-01,4.7662,
1922-04-01,4.6046,
1922-05-01,4.847,
1922-06-01,5.0893,
1922-07-01,5.0893,
1922-08-01,4.9816,
1922-09-01,5.2509,
1922-10-01,5.5471,
1922-11-01,5.7894,
1922-12-01,5.951,
1923-01-01,5.8163,
1923-02-01,5.8971,
1923-03-01,6.0856,
1923-04-01,6.2203,
1923-05-01,6.301,
1923-06-01,6.2472,
1923-07-01,6.1933,
1923-08-01,6.0856,
1923-09-01,5.951,
1923-10-01,5.9241,
1923-11-01,5.9241,
1923-12-01,5.7894,
1924-01-01,5.924,
1924-02-01,6.0318,
1924-03-01,5.9241,
1924-04-01,5.7356,
1924-05-01,5.4932,
1924-06-01,5.2509,
1924-07-01,5.1701,
1924-08-01,5.3586,
1924-09-01,5.5471,
1924-10-01,5.6817,
1924-11-01,5.7894,
1924-12-01,5.951,
1925-01-01,6.1395,
1925-02-01,6.1395,
1925-03-01,6.1395,
1925-04-01,6.1933,
1925-05-01,6.1664,
1925-06-01,6.1125,
1925-07-01,6.2741,
1925-08-01,6.1664,
1925-09-01,6.0856,
1925-10-01,6.328,
1925-11-01,6.4626,
1925-12-01,6.5434,
1926-01-01,6.4357,
1926-02-01,6.4357,
1926-03-01,6.5165,
1926-04-01,6.5165,
1926-05-01,6.4626,
1926-06-01,6.5434,
1926-07-01,6.5703,
1926-08-01,6.6511,
1926-09-01,6.7588,
1926-10-01,6.7588,
1926-11-01,6.7319,
1926-12-01,6.705,
1927-01-01,6.678,
1927-02-01,6.7319,
1927-03-01,6.8127,
1927-04-01,6.6511,
1927-05-01,6.705,
1927-06-01,6.678,
1927-07-01,6.5972,
1927-08-01,6.5972,
1927-09-01,6.4895,
1927-10-01,6.3549,
1927-11-01,6.3549,
1927-12-01,6.3818,
1928-01-01,6.5165,
1928-02-01,6.5703,
1928-03-01,6.6242,
1928-04-01,6.5972,
1928-05-01,6.678,
1928-06-01,6.7319,
1928-07-01,6.8127,
1928-08-01,6.9473,
1928-09-01,7.0012,
1928-10-01,7.1358,
1928-11-01,7.2704,
1928-12-01,7.4051,
1929-01-01,7.5128,
1929-02-01,7.4858,
1929-03-01,7.5128,
1929-04-01,7.6474,
1929-05-01,7.7821,
1929-06-01,7.8359,
1929-07-01,7.9436,
1929-08-01,7.8628,
1929-09-01,7.809,
1929-10-01,7.6743,
1929-11-01,7.2974,
1929-12-01,6.9742,
1930-01-01,6.9742,
1930-02-01,6.9473,
1930-03-01,6.8396,
1930-04-01,6.7857,
1930-05-01,6.678,
1930-06-01,6.4895,
1930-07-01,6.1933,
1930-08-01,6.0587,
1930-09-01,5.951,
1930-10-01,5.7894,
1930-11-01,5.6548,
1930-12-01,5.5201,
1931-01-01,5.4932,
1931-02-01,5.5201,
1931-03-01,5.6279,
1931-04-01,5.6548,
1931-05-01,5.574,
1931-06-01,5.4394,
1931-07-01,5.3586,
1931-08-01,5.1701,
1931-09-01,4.9277,
1931-10-01,4.7392,
1931-11-01,4.6854,
1931-12-01,4.6585,
1932-01-01,4.5238,
1932-02-01,4.4161,
1932-03-01,4.3623,
1932-04-01,4.0661,
1932-05-01,3.9314,
1932-06-01,3.7968,
1932-07-01,3.6891,
1932-08-01,3.7968,
1932-09-01,4.0391,
1932-10-01,4.1738,
1932-11-01,4.1738,
1932-12-01,4.093,
1933-01-01,4.0122,
1933-02-01,4.0391,
1933-03-01,3.7968,
1933-04-01,4.0661,
1933-05-01,4.7392,
1933-06-01,5.4663,
1933-07-01,5.9779,
1933-08-01,5.7356,
1933-09-01,5.4124,
1933-10-01,5.1432,
1933-11-01,4.847,
1933-12-01,4.8739,
1934-01-01,5.0354,
1934-02-01,5.2778,
1934-03-01,5.5201,
1934-04-01,5.5201,
1934-05-01,5.6278,
1934-06-01,5.5201,
1934-07-01,5.1432,
1934-08-01,5.0893,
1934-09-01,4.7931,
1934-10-01,5.0085,
1934-11-01,5.0624,
1934-12-01,5.3855,
1935-01-01,5.8163,
1935-02-01,5.9241,
1935-03-01,5.8971,
1935-04-01,5.7894,
1935-05-01,5.7894,
1935-06-01,5.8702,
1935-07-01,5.8702,
1935-08-01,6.0856,
1935-09-01,6.2472,
1935-10-01,6.4357,
1935-11-01,6.5703,
1935-12-01,6.6511,
1936-01-01,6.5434,
1936-02-01,6.3818,
1936-03-01,6.4626,
1936-04-01,6.8665,
1936-05-01,7.0012,
1936-06-01,7.1358,
1936-07-01,7.2704,
1936-08-01,7.3781,
1936-09-01,7.5128,
1936-10-01,7.6205,
1936-11-01,7.8359,
1936-12-01,8.0783,
1937-01-01,8.0513,
1937-02-01,8.159,
1937-03-01,8.3475,
1937-04-01,8.3475,
1937-05-01,8.3745,
1937-06-01,8.2667,
1937-07-01,8.3206,
1937-08-01,8.2667,
1937-09-01,7.9975,
1937-10-01,7.4051,
1937-11-01,6.678,
1937-12-01,6.0856,
1938-01-01,5.951,
1938-02-01,5.8971,
1938-03-01,5.8971,
1938-04-01,5.7894,
1938-05-01,5.6548,
1938-06-01,5.7086,
1938-07-01,6.0318,
1938-08-01,6.3549,
1938-09-01,6.5434,
1938-10-01,6.705,
1938-11-01,6.9742,
1938-12-01,7.055,
1939-01-01,7.055,
1939-02-01,7.1089,
1939-03-01,7.1358,
1939-04-01,7.1089,
1939-05-01,7.0819,
1939-06-01,7.2435,
1939-07-01,7.4589,
1939-08-01,7.5666,
1939-09-01,8.0244,
1939-10-01,8.4283,
1939-11-01,8.6437,
1939-12-01,8.6437,
1940-01-01,8.536,
1940-02-01,8.2667,
1940-03-01,8.0783,
1940-04-01,8.2398,
1940-05-01,8.4822,
1940-06-01,8.7514,
1940-07-01,8.8592,
1940-08-01,8.913,
1940-09-01,9.1015,
1940-10-01,9.2361,
1940-11-01,9.4516,
1940-12-01,9.7747,
1941-01-01,10.017,
1941-02-01,10.3132,
1941-03-01,10.6364,
1941-04-01,10.6633,
1941-05-01,11.148,
1941-06-01,11.2288,
1941-07-01,11.3634,
1941-08-01,11.4981,
1941-09-01,11.4981,
1941-10-01,11.6058,
1941-11-01,11.6596,
1941-12-01,11.8481,
1942-01-01,12.0905,
1942-02-01,12.3059,
1942-03-01,12.4405,
1942-04-01,12.0905,
1942-05-01,12.1174,
1942-06-01,12.1443,
1942-07-01,12.4405,
1942-08-01,12.8175,
1942-09-01,13.1137,
1942-10-01,13.5445,
1942-11-01,13.8677,
1942-12-01,14.1908,
1943-01-01,14.3255,
1943-02-01,14.7024,
1943-03-01,14.8102,
1943-04-01,14.9986,
1943-05-01,15.1063,
1943-06-01,15.0256,
1943-07-01,15.4833,
1943-08-01,15.8064,
1943-09-01,16.2104,
1943-10-01,16.4527,
1943-11-01,16.6681,
1943-12-01,16.4527,
1944-01-01,16.6412,
1944-02-01,16.7758,
1944-03-01,16.7489,
1944-04-01,16.7489,
1944-05-01,16.6412,
1944-06-01,16.5874,
1944-07-01,16.5604,
1944-08-01,16.7758,
1944-09-01,16.6681,
1944-10-01,16.722,
1944-11-01,16.5873,
1944-12-01,16.5335,
1945-01-01,16.3719,
1945-02-01,16.3181,
1945-03-01,16.2104,
1945-04-01,15.9142,
1945-05-01,15.4833,
1945-06-01,15.1333,
1945-07-01,14.7832,
1945-08-01,13.2483,
1945-09-01,12.0635,
1945-10-01,11.5788,
1945-11-01,12.0097,
1945-12-01,12.0635,
1946-01-01,11.3903,
1946-02-01,10.8249,
1946-03-01,11.9558,
1946-04-01,11.7404,
1946-05-01,11.3096,
1946-06-01,12.0097,
1946-07-01,12.4136,
1946-08-01,12.8714,
1946-09-01,13.1137,
1946-10-01,13.356,
1946-11-01,13.4368,
1946-12-01,13.5176,
1947-01-01,13.6792,
1947-02-01,13.76,
1947-03-01,13.8407,
1947-04-01,13.733,
1947-05-01,13.7869,
1947-06-01,13.7869,
1947-07-01,13.7061,
1947-08-01,13.7869,
1947-09-01,13.8946,
1947-10-01,14.0292,
1947-11-01,14.2177,
1947-12-01,14.2716,
1948-01-01,14.3524,
1948-02-01,14.3793,
1948-03-01,14.2177,
1948-04-01,14.2447,
1948-05-01,14.487,
1948-06-01,14.6755,
1948-07-01,14.6755,
1948-08-01,14.6216,
1948-09-01,14.5139,
1948-10-01,14.6217,
1948-11-01,14.4332,
1948-12-01,14.2985,
1949-01-01,14.1639,
1949-02-01,14.0292,
1949-03-01,13.76,
1949-04-01,13.6792,
1949-05-01,13.4907,
1949-06-01,13.4638,
1949-07-01,13.4368,
1949-08-01,13.5715,
1949-09-01,13.7061,
1949-10-01,13.1945,
1949-11-01,13.5446,
1949-12-01,13.7869,
1950-01-01,14.0292,
1950-02-01,14.0831,
1950-03-01,14.5409,
1950-04-01,15.0255,
1950-05-01,15.3756,
1950-06-01,15.8334,
1950-07-01,16.345,
1950-08-01,16.8566,
1950-09-01,16.7489,
1950-10-01,16.8566,
1950-11-01,16.8297,
1950-12-01,17.1259,
1951-01-01,17.1797,
1951-02-01,17.2875,
1951-03-01,17.3682,
1951-04-01,17.3952,
1951-05-01,17.3413,
1951-06-01,17.2605,
1951-07-01,16.9913,
1951-08-01,16.8297,
1951-09-01,16.9374,
1951-10-01,16.9105,
1951-11-01,17.0451,
1951-12-01,17.1528,
1952-01-01,17.3413,
1952-02-01,17.449,
1952-03-01,17.5029,
1952-04-01,17.3413,
1952-05-01,17.1798,
1952-06-01,17.0182,
1952-07-01,16.7489,
1952-08-01,17.826,
1952-09-01,18.4723,
1952-10-01,18.6608,
1952-11-01,19.0378,
1952-12-01,19.1455,
1953-01-01,19.1993,
1953-02-01,19.307,
1953-03-01,19.4686,
1953-04-01,19.5494,
1953-05-01,19.6571,
1953-06-01,19.5763,
1953-07-01,19.8187,
1953-08-01,19.7109,
1953-09-01,19.307,
1953-10-01,19.1455,
1953-11-01,18.6877,
1953-12-01,18.2299,
1954-01-01,18.0953,
1954-02-01,18.1492,
1954-03-01,18.0414,
1954-04-01,17.9337,
1954-05-01,18.0414,
1954-06-01,18.0953,
1954-07-01,18.1222,
1954-08-01,18.0953,
1954-09-01,18.1222,
1954-10-01,18.3377,
1954-11-01,18.6338,
1954-12-01,18.8762,
1955-01-01,19.307,
1955-02-01,19.5494,
1955-03-01,20.0071,
1955-04-01,20.2495,
1955-05-01,20.5726,
1955-06-01,20.5996,
1955-07-01,20.7611,
1955-08-01,20.7342,
1955-09-01,20.8688,
1955-10-01,21.2189,
1955-11-01,21.2727,
1955-12-01,21.3535,
1956-01-01,21.4882,
1956-02-01,21.2997,
1956-03-01,21.2997,
1956-04-01,21.4612,
1956-05-01,21.2728,
1956-06-01,21.0843,
1956-07-01,20.438,
1956-08-01,21.2727,
1956-09-01,21.7574,
1956-10-01,21.9459,
1956-11-01,21.7574,
1956-12-01,22.0806,
1957-01-01,21.9998,
1957-02-01,22.2152,
1957-03-01,22.1883,
1957-04-01,21.8921,
1957-05-01,21.8113,
1957-06-01,21.8652,
1957-07-01,21.9998,
1957-08-01,21.9998,
1957-09-01,21.8113,
1957-10-01,21.4882,
1957-11-01,20.9765,
1957-12-01,20.5726,
1958-01-01,20.1956,
1958-02-01,19.7648,
1958-03-01,19.5225,
1958-04-01,19.1993,
1958-05-01,19.3878,
1958-06-01,19.8994,
1958-07-01,20.1956,
1958-08-01,20.5995,
1958-09-01,20.7881,
1958-10-01,21.0304,
1958-11-01,21.6497,
1958-12-01,21.6767,
1959-01-01,21.9998,
1959-02-01,22.4306,
1959-03-01,22.7538,
1959-04-01,23.2384,
1959-05-01,23.5885,
1959-06-01,23.6155,
1959-07-01,23.05,
1959-08-01,22.2691,
1959-09-01,22.2421,
1959-10-01,22.0806,
1959-11-01,22.2152,
1959-12-01,23.5885,
1960-01-01,24.2078,
1960-02-01,23.9924,
1960-03-01,23.777,
1960-04-01,23.5885,
1960-05-01,23.5616,
1960-06-01,23.2654,
1960-07-01,23.1846,
1960-08-01,23.1577,
1960-09-01,22.9153,
1960-10-01,22.8884,
1960-11-01,22.5653,
1960-12-01,22.1344,
1961-01-01,22.1613,
1961-02-01,22.1344,
1961-03-01,22.2691,
1961-04-01,22.7268,
1961-05-01,23.0769,
1961-06-01,23.4,
1961-07-01,23.6693,
1961-08-01,23.8847,
1961-09-01,23.8578,
1961-10-01,24.3156,
1961-11-01,24.6926,
1961-12-01,24.908,
1962-01-01,24.6925,
1962-02-01,25.0964,
1962-03-01,25.2311,
1962-04-01,25.285,
1962-05-01,25.258,
1962-06-01,25.2042,
1962-07-01,25.4465,
1962-08-01,25.4734,
1962-09-01,25.635,
1962-10-01,25.6619,
1962-11-01,25.7696,
1962-12-01,25.7696,
1963-01-01,25.9581,
1963-02-01,26.2544,
1963-03-01,26.4159,
1963-04-01,26.6582,
1963-05-01,26.9814,
1963-06-01,27.0622,
1963-07-01,26.9545,
1963-08-01,27.0083,
1963-09-01,27.2776,
1963-10-01,27.4661,
1963-11-01,27.6007,
1963-12-01,27.5469,
1964-01-01,27.7892,
1964-02-01,27.9777,
1964-03-01,27.9777,
1964-04-01,28.4355,
1964-05-01,28.597,
1964-06-01,28.6778,
1964-07-01,28.8663,
1964-08-01,29.0548,
1964-09-01,29.1625,
1964-10-01,28.7586,
1964-11-01,29.6472,
1964-12-01,29.9973,
1965-01-01,30.3204,
1965-02-01,30.5089,
1965-03-01,30.9128,
1965-04-01,31.0474,
1965-05-01,31.2898,
1965-06-01,31.5321,
1965-07-01,31.8283,
1965-08-01,31.963,
1965-09-01,32.0438,
1965-10-01,32.3669,
1965-11-01,32.5015,
1965-12-01,32.9054,
1966-01-01,33.2286,
1966-02-01,33.444,
1966-03-01,33.9018,
1966-04-01,33.9556,
1966-05-01,34.2787,
1966-06-01,34.4403,
1966-07-01,34.6288,
1966-08-01,34.6557,
1966-09-01,34.9789,
1966-10-01,35.2212,
1966-11-01,34.9788,
1966-12-01,35.0596,
1967-01-01,35.225,
1967-01-07,,208000.0
1967-01-14,,207000.0
1967-01-21,,217000.0
1967-01-28,,204000.0
1967-02-01,34.8255,
1967-02-04,,216000.0
1967-02-11,,229000.0
1967-02-18,,229000.0
1967-02-25,,242000.0
1967-03-01,34.6292,
1967-03-04,,310000.0
1967-03-11,,241000.0
1967-03-18,,245000.0
1967-03-25,,247000.0
1967-04-01,34.9558,259000.0
1967-04-08,,257000.0
1967-04-15,,299000.0
1967-04-22,,245000.0
1967-04-29,,255000.0
1967-05-01,34.6508,
1967-05-06,,254000.0
1967-05-13,,231000.0
1967-05-20,,230000.0
1967-05-27,,228000.0
1967-06-01,34.6465,
1967-06-03,,248000.0
1967-06-10,,238000.0
1967-06-17,,224000.0
1967-06-24,,218000.0
1967-07-01,34.5676,209000.0
1967-07-08,,240000.0
1967-07-15,,241000.0
1967-07-22,,240000.0
1967-07-29,,209000.0
1967-08-01,35.2299,
1967-08-05,,221000.0
1967-08-12,,202000.0
1967-08-19,,215000.0
1967-08-26,,213000.0
1967-09-01,35.1727,
1967-09-02,,218000.0
1967-09-09,,231000.0
1967-09-16,,220000.0
1967-09-23,,209000.0
1967-09-30,,204000.0
1967-10-01,35.4591,
1967-10-07,,231000.0
1967-10-14,,206000.0
1967-10-21,,223000.0
1967-10-28,,207000.0
1967-11-01,35.9663,
1967-11-04,,222000.0
1967-11-11,,214000.0
1967-11-18,,198000.0
1967-11-25,,191000.0
1967-12-01,36.3536,
1967-12-02,,196000.0
1967-12-09,,221000.0
1967-12-16,,204000.0
1967-12-23,,219000.0
1967-12-30,,216000.0
1968-01-01,36.3145,
1968-01-06,,222000.0
1968-01-13,,222000.0
1968-01-20,,221000.0
1968-01-27,,198000.0
1968-02-01,36.4446,
1968-02-03,,244000.0
1968-02-10,,210000.0
1968-02-17,,196000.0
1968-02-24,,193000.0
1968-03-01,36.5584,
1968-03-02,,190000.0
1968-03-09,,204000.0
1968-03-16,,190000.0
1968-03-23,,200000.0
1968-03-30,,192000.0
1968-04-01,36.6113,
1968-04-06,,191000.0
1968-04-13,,171000.0
1968-04-20,,183000.0
1968-04-27,,251000.0
1968-05-01,37.022,
1968-05-04,,209000.0
1968-05-11,,194000.0
1968-05-18,,199000.0
1968-05-25,,194000.0
1968-06-01,37.158,199000.0
1968-06-08,,192000.0
1968-06-15,,194000.0
1968-06-22,,189000.0
1968-06-29,,194000.0
1968-07-01,37.101,
1968-07-06,,214000.0
1968-07-13,,186000.0
1968-07-20,,180000.0
1968-07-27,,205000.0
1968-08-01,37.2045,
1968-08-03,,206000.0
1968-08-10,,218000.0
1968-08-17,,192000.0
1968-08-24,,193000.0
1968-08-31,,188000.0
1968-09-01,37.3454,
1968-09-07,,189000.0
1968-09-14,,195000.0
1968-09-21,,191000.0
1968-09-28,,189000.0
1968-10-01,37.4196,
1968-10-05,,185000.0
1968-10-12,,186000.0
1968-10-19,,191000.0
1968-10-26,,182000.0
1968-11-01,37.9036,
1968-11-02,,181000.0
1968-11-09,,183000.0
1968-11-16,,192000.0
1968-11-23,,199000.0
1968-11-30,,162000.0
1968-12-01,38.0233,
1968-12-07,,188000.0
1968-12-14,,195000.0
1968-12-21,,192000.0
1968-12-28,,223000.0
1969-01-01,38.2533,
1969-01-04,,190000.0
1969-01-11,,191000.0
1969-01-18,,192000.0
1969-01-25,,193000.0
1969-02-01,38.4981,203000.0
1969-02-08,,197000.0
1969-02-15,,192000.0
1969-02-22,,192000.0
1969-03-01,38.8,201000.0
1969-03-08,,191000.0
1969-03-15,,189000.0
1969-03-22,,181000.0
1969-03-29,,183000.0
1969-04-01,38.6573,
1969-04-05,,182000.0
1969-04-12,,190000.0
1969-04-19,,187000.0
1969-04-26,,177000.0
1969-05-01,38.5111,
1969-05-03,,177000.0
1969-05-10,,183000.0
1969-05-17,,179000.0
1969-05-24,,180000.0
1969-05-31,,187000.0
1969-06-01,38.8874,
1969-06-07,,192000.0
1969-06-14,,182000.0
1969-06-21,,191000.0
1969-06-28,,203000.0
1969-07-01,39.0927,
1969-07-05,,227000.0
1969-07-12,,210000.0
1969-07-19,,206000.0
1969-07-26,,192000.0
1969-08-01,39.1825,
1969-08-02,,196000.0
1969-08-09,,203000.0
1969-08-16,,199000.0
1969-08-23,,199000.0
1969-08-30,,195000.0
1969-09-01,39.1737,
1969-09-06,,182000.0
1969-09-13,,209000.0
1969-09-20,,195000.0
1969-09-27,,193000.0
1969-10-01,39.1852,
1969-10-04,,193000.0
1969-10-11,,200000.0
1969-10-18,,199000.0
1969-10-25,,205000.0
1969-11-01,38.8158,198000.0
1969-11-08,,211000.0
1969-11-15,,197000.0
1969-11-22,,217000.0
1969-11-29,,202000.0
1969-12-01,38.7116,
1969-12-06,,202000.0
1969-12-13,,222000.0
1969-12-20,,232000.0
1969-12-27,,223000.0
1970-01-01,37.9948,
1970-01-03,,230000.0
1970-01-10,,242000.0
1970-01-17,,268000.0
1970-01-24,,256000.0
1970-01-31,,239000.0
1970-02-01,37.9698,
1970-02-07,,256000.0
1970-02-14,,265000.0
1970-02-21,,271000.0
1970-02-28,,242000.0
1970-03-01,37.9205,
1970-03-07,,262000.0
1970-03-14,,271000.0
1970-03-21,,264000.0
1970-03-28,,276000.0
1970-04-01,37.823,
1970-04-04,,273000.0
1970-04-11,,305000.0
1970-04-18,,374000.0
1970-04-25,,349000.0
1970-05-01,37.7789,
1970-05-02,,334000.0
1970-05-09,,318000.0
1970-05-16,,303000.0
1970-05-23,,296000.0
1970-05-30,,301000.0
1970-06-01,37.6567,
1970-06-06,,301000.0
1970-06-13,,298000.0
1970-06-20,,296000.0
1970-06-27,,291000.0
1970-07-01,37.7491,
1970-07-04,,277000.0
1970-07-11,,288000.0
1970-07-18,,294000.0
1970-07-25,,287000.0
1970-08-01,37.6818,261000.0
1970-08-08,,266000.0
1970-08-15,,300000.0
1970-08-22,,303000.0
1970-08-29,,297000.0
1970-09-01,37.4221,
1970-09-05,,324000.0
1970-09-12,,292000.0
1970-09-19,,325000.0
1970-09-26,,333000.0
1970-10-01,36.6735,
1970-10-03,,350000.0
1970-10-10,,327000.0
1970-10-17,,334000.0
1970-10-24,,330000.0
1970-10-31,,327000.0
1970-11-01,36.4514,
1970-11-07,,336000.0
1970-11-14,,314000.0
1970-11-21,,314000.0
1970-11-28,,337000.0
1970-12-01,37.2885,
1970-12-05,,308000.0
1970-12-12,,306000.0
1970-12-19,,289000.0
1970-12-26,,321000.0
1971-01-01,37.5753,
1971-01-02,,303000.0
1971-01-09,,288000.0
1971-01-16,,299000.0
1971-01-23,,312000.0
1971-01-30,,292000.0
1971-02-01,37.5037,
1971-02-06,,296000.0
1971-02-13,,282000.0
1971-02-20,,268000.0
1971-02-27,,290000.0
1971-03-01,37.4631,
1971-03-06,,297000.0
1971-03-13,,287000.0
1971-03-20,,291000.0
1971-03-27,,300000.0
1971-04-01,37.6735,
1971-04-03,,299000.0
1971-04-10,,279000.0
1971-04-17,,284000.0
1971-04-24,,288000.0
1971-05-01,37.8646,290000.0
1971-05-08,,293000.0
1971-05-15,,284000.0
1971-05-22,,295000.0
1971-05-29,,299000.0
1971-06-01,38.0234,
1971-06-05,,301000.0
1971-06-12,,295000.0
1971-06-19,,299000.0
1971-06-26,,291000.0
1971-07-01,37.9131,
1971-07-03,,277000.0
1971-07-10,,264000.0
1971-07-17,,313000.0
1971-07-24,,304000.0
1971-07-31,,308000.0
1971-08-01,37.693,
1971-08-07,,349000.0
1971-08-14,,325000.0
1971-08-21,,320000.0
1971-08-28,,307000.0
1971-09-01,38.3056,
1971-09-04,,359000.0
1971-09-11,,312000.0
1971-09-18,,302000.0
1971-09-25,,308000.0
1971-10-01,38.5924,
1971-10-02,,299000.0
1971-10-09,,313000.0
1971-10-16,,299000.0
1971-10-23,,294000.0
1971-10-30,,283000.0
1971-11-01,38.7561,
1971-11-06,,301000.0
1971-11-13,,295000.0
1971-11-20,,274000.0
1971-11-27,,278000.0
1971-12-01,39.2035,
1971-12-04,,299000.0
1971-12-11,,280000.0
1971-12-18,,269000.0
1971-12-25,,244000.0
1972-01-01,40.1408,279000.0
1972-01-08,,295000.0
1972-01-15,,250000.0
1972-01-22,,263000.0
1972-01-29,,269000.0
1972-02-01,40.5459,
1972-02-05,,276000.0
1972-02-12,,266000.0
1972-02-19,,258000.0
1972-02-26,,254000.0
1972-03-01,40.8263,
1972-03-04,,257000.0
1972-03-11,,264000.0
1972-03-18,,266000.0
1972-03-25,,264000.0
1972-04-01,41.2348,258000.0
1972-04-08,,274000.0
1972-04-15,,259000.0
1972-04-22,,259000.0
1972-04-29,,265000.0
1972-05-01,41.2405,
1972-05-06,,271000.0
1972-05-13,,266000.0
1972-05-20,,267000.0
1972-05-27,,267000.0
1972-06-01,41.3497,
1972-06-03,,264000.0
1972-06-10,,268000.0
1972-06-17,,275000.0
1972-06-24,,286000.0
1972-07-01,41.3035,350000.0
1972-07-08,,297000.0
1972-07-15,,318000.0
1972-07-22,,276000.0
1972-07-29,,247000.0
1972-08-01,41.879,
1972-08-05,,250000.0
1972-08-12,,246000.0
1972-08-19,,256000.0
1972-08-26,,262000.0
1972-09-01,42.2132,
1972-09-02,,258000.0
1972-09-09,,259000.0
1972-09-16,,258000.0
1972-09-23,,255000.0
1972-09-30,,251000.0
1972-10-01,42.7494,
1972-10-07,,263000.0
1972-10-14,,250000.0
1972-10-21,,257000.0
1972-10-28,,234000.0
1972-11-01,43.2548,
1972-11-04,,255000.0
1972-11-11,,242000.0
1972-11-18,,271000.0
1972-11-25,,235000.0
1972-12-01,43.7367,
1972-12-02,,226000.0
1972-12-09,,252000.0
1972-12-16,,263000.0
1972-12-23,,246000.0
1972-12-30,,225000.0
1973-01-01,44.0529,
1973-01-06,,226000.0
1973-01-13,,245000.0
1973-01-20,,229000.0
1973-01-27,,214000.0
1973-02-01,44.6827,
1973-02-03,,228000.0
1973-02-10,,226000.0
1973-02-17,,216000.0
1973-02-24,,218000.0
1973-03-01,44.7045,
1973-03-03,,225000.0
1973-03-10,,229000.0
1973-03-17,,228000.0
1973-03-24,,232000.0
1973-03-31,,222000.0
1973-04-01,44.6387,
1973-04-07,,247000.0
1973-04-14,,230000.0
1973-04-21,,243000.0
1973-04-28,,236000.0
1973-05-01,44.9429,
1973-05-05,,248000.0
1973-05-12,,238000.0
1973-05-19,,237000.0
1973-05-26,,238000.0
1973-06-01,45.0035,
1973-06-02,,232000.0
1973-06-09,,246000.0
1973-06-16,,237000.0
1973-06-23,,242000.0
1973-06-30,,237000.0
1973-07-01,45.1636,
1973-07-07,,248000.0
1973-07-14,,232000.0
1973-07-21,,241000.0
1973-07-28,,250000.0
1973-08-01,45.1019,
1973-08-04,,256000.0
1973-08-11,,265000.0
1973-08-18,,258000.0
1973-08-25,,254000.0
1973-09-01,45.4624,242000.0
1973-09-08,,252000.0
1973-09-15,,245000.0
1973-09-22,,246000.0
1973-09-29,,249000.0
1973-10-01,45.847,
1973-10-06,,236000.0
1973-10-13,,246000.0
1973-10-20,,249000.0
1973-10-27,,235000.0
1973-11-01,46.0553,
1973-11-03,,246000.0
1973-11-10,,282000.0
1973-11-17,,254000.0
1973-11-24,,233000.0
1973-12-01,45.923,256000.0
1973-12-08,,266000.0
1973-12-15,,272000.0
1973-12-22,,326000.0
1973-12-29,,300000.0
1974-01-01,45.6204,
1974-01-05,,269000.0
1974-01-12,,340000.0
1974-01-19,,321000.0
1974-01-26,,291000.0
1974-02-01,45.4759,
1974-02-02,,302000.0
1974-02-09,,369000.0
1974-02-16,,311000.0
1974-02-23,,292000.0
1974-03-01,45.4777,
1974-03-02,,301000.0
1974-03-09,,305000.0
1974-03-16,,315000.0
1974-03-23,,314000.0
1974-03-30,,323000.0
1974-04-01,45.3451,
1974-04-06,,296000.0
1974-04-13,,297000.0
1974-04-20,,296000.0
1974-04-27,,283000.0
1974-05-01,45.7044,
1974-05-04,,287000.0
1974-05-11,,296000.0
1974-05-18,,298000.0
1974-05-25,,309000.0
1974-06-01,45.6238,278000.0
1974-06-08,,314000.0
1974-06-15,,303000.0
1974-06-22,,308000.0
1974-06-29,,325000.0
1974-07-01,45.7221,
1974-07-06,,311000.0
1974-07-13,,304000.0
1974-07-20,,303000.0
1974-07-27,,320000.0
1974-08-01,45.2366,
1974-08-03,,335000.0
1974-08-10,,347000.0
1974-08-17,,332000.0
1974-08-24,,343000.0
1974-08-31,,350000.0
1974-09-01,45.2365,
1974-09-07,,350000.0
1974-09-14,,357000.0
1974-09-21,,370000.0
1974-09-28,,366000.0
1974-10-01,45.1133,
1974-10-05,,371000.0
1974-10-12,,413000.0
1974-10-19,,389000.0
1974-10-26,,414000.0
1974-11-01,43.6278,
1974-11-02,,406000.0
1974-11-09,,441000.0
1974-11-16,,449000.0
1974-11-23,,518000.0
1974-11-30,,474000.0
1974-12-01,42.0533,
1974-12-07,,528000.0
1974-12-14,,510000.0
1974-12-21,,521000.0
1974-12-28,,537000.0
1975-01-01,41.4676,
1975-01-04,,456000.0
1975-01-11,,554000.0
1975-01-18,,575000.0
1975-01-25,,555000.0
1975-02-01,40.5165,559000.0
1975-02-08,,545000.0
1975-02-15,,530000.0
1975-02-22,,544000.0
1975-03-01,40.0638,546000.0
1975-03-08,,551000.0
1975-03-15,,531000.0
1975-03-22,,550000.0
1975-03-29,,555000.0
1975-04-01,40.1573,
1975-04-05,,537000.0
1975-04-12,,520000.0
1975-04-19,,531000.0
1975-04-26,,513000.0
1975-05-01,40.0253,
1975-05-03,,505000.0
1975-05-10,,507000.0
1975-05-17,,514000.0
1975-05-24,,493000.0
1975-05-31,,475000.0
1975-06-01,40.2772,
1975-06-07,,529000.0
1975-06-14,,497000.0
1975-06-21,,497000.0
1975-06-28,,459000.0
1975-07-01,40.6994,
1975-07-05,,423000.0
1975-07-12,,446000.0
1975-07-19,,445000.0
1975-07-26,,454000.0
1975-08-01,41.0998,
1975-08-02,,454000.0
1975-08-09,,459000.0
1975-08-16,,444000.0
1975-08-23,,457000.0
1975-08-30,,446000.0
1975-09-01,41.6304,
1975-09-06,,447000.0
1975-09-13,,456000.0
1975-09-20,,433000.0
1975-09-27,,445000.0
1975-10-01,41.8135,
1975-10-04,,426000.0
1975-10-11,,429000.0
1975-10-18,,404000.0
1975-10-25,,426000.0
1975-11-01,41.8697,414000.0
1975-11-08,,415000.0
1975-11-15,,386000.0
1975-11-22,,401000.0
1975-11-29,,387000.0
1975-12-01,42.4414,
1975-12-06,,373000.0
1975-12-13,,368000.0
1975-12-20,,365000.0
1975-12-27,,391000.0
1976-01-01,43.0012,
1976-01-03,,362000.0
1976-01-10,,402000.0
1976-01-17,,370000.0
1976-01-24,,363000.0
1976-01-31,,359000.0
1976-02-01,43.4229,
1976-02-07,,353000.0
1976-02-14,,344000.0
1976-02-21,,347000.0
1976-02-28,,349000.0
1976-03-01,43.5168,
1976-03-06,,348000.0
1976-03-13,,360000.0
1976-03-20,,368000.0
1976-03-27,,366000.0
1976-04-01,43.7327,
1976-04-03,,380000.0
1976-04-10,,373000.0
1976-04-17,,361000.0
1976-04-24,,367000.0
1976-05-01,43.9186,385000.0
1976-05-08,,395000.0
1976-05-15,,382000.0
1976-05-22,,394000.0
1976-05-29,,402000.0
1976-06-01,43.9637,
1976-06-05,,382000.0
1976-06-12,,407000.0
1976-06-19,,399000.0
1976-06-26,,387000.0
1976-07-01,44.2141,
1976-07-03,,394000.0
1976-07-10,,372000.0
1976-07-17,,406000.0
1976-07-24,,394000.0
1976-07-31,,388000.0
1976-08-01,44.5182,
1976-08-07,,378000.0
1976-08-14,,382000.0
1976-08-21,,400000.0
1976-08-28,,394000.0
1976-09-01,44.6721,
1976-09-04,,421000.0
1976-09-11,,383000.0
1976-09-18,,403000.0
1976-09-25,,423000.0
1976-10-01,44.6585,
1976-10-02,,408000.0
1976-10-09,,411000.0
1976-10-16,,403000.0
1976-10-23,,409000.0
1976-10-30,,414000.0
1976-11-01,45.3392,
1976-11-06,,390000.0
1976-11-13,,383000.0
1976-11-20,,408000.0
1976-11-27,,377000.0
1976-12-01,45.8294,
1976-12-04,,402000.0
1976-12-11,,395000.0
1976-12-18,,365000.0
1976-12-25,,333000.0
1977-01-01,45.5087,380000.0
1977-01-08,,416000.0
1977-01-15,,368000.0
1977-01-22,,423000.0
1977-01-29,,422000.0
1977-02-01,46.2277,
1977-02-05,,565000.0
1977-02-12,,477000.0
1977-02-19,,399000.0
1977-02-26,,362000.0
1977-03-01,46.8185,
1977-03-05,,361000.0
1977-03-12,,355000.0
1977-03-19,,369000.0
1977-03-26,,356000.0
1977-04-01,47.2684,
1977-04-02,,350000.0
1977-04-09,,376000.0
1977-04-16,,361000.0
1977-04-23,,375000.0
1977-04-30,,375000.0
1977-05-01,47.6411,
1977-05-07,,384000.0
1977-05-14,,381000.0
1977-05-21,,375000.0
1977-05-28,,381000.0
1977-06-01,48.0116,
1977-06-04,,363000.0
1977-06-11,,358000.0
1977-06-18,,359000.0
1977-06-25,,365000.0
1977-07-01,48.073,
1977-07-02,,350000.0
1977-07-09,,361000.0
1977-07-16,,366000.0
1977-07-23,,365000.0
1977-07-30,,365000.0
1977-08-01,48.1205,
1977-08-06,,378000.0
1977-08-13,,359000.0
1977-08-20,,367000.0
1977-08-27,,365000.0
1977-09-01,48.3189,
1977-09-03,,374000.0
1977-09-10,,359000.0
1977-09-17,,362000.0
1977-09-24,,380000.0
1977-10-01,48.3871,348000.0
1977-10-08,,365000.0
1977-10-15,,358000.0
1977-10-22,,375000.0
1977-10-29,,349000.0
1977-11-01,48.4761,
1977-11-05,,366000.0
1977-11-12,,334000.0
1977-11-19,,360000.0
1977-11-26,,354000.0
1977-12-01,48.5629,
1977-12-03,,367000.0
1977-12-10,,364000.0
1977-12-17,,359000.0
1977-12-24,,344000.0
1977-12-31,,364000.0
1978-01-01,47.8481,
1978-01-07,,346000.0
1978-01-14,,343000.0
1978-01-21,,352000.0
1978-01-28,,363000.0
1978-02-01,48.1044,
1978-02-04,,360000.0
1978-02-11,,373000.0
1978-02-18,,429000.0
1978-02-25,,371000.0
1978-03-01,49.0265,
1978-03-04,,355000.0
1978-03-11,,359000.0
1978-03-18,,347000.0
1978-03-25,,335000.0
1978-04-01,50.0206,333000.0
1978-04-08,,345000.0
1978-04-15,,309000.0
1978-04-22,,319000.0
1978-04-29,,324000.0
1978-05-01,50.254,
1978-05-06,,334000.0
1978-05-13,,322000.0
1978-05-20,,334000.0
1978-05-27,,318000.0
1978-06-01,50.5801,
1978-06-03,,310000.0
1978-06-10,,331000.0
1978-06-17,,326000.0
1978-06-24,,330000.0
1978-07-01,50.5384,348000.0
1978-07-08,,356000.0
1978-07-15,,352000.0
1978-07-22,,349000.0
1978-07-29,,346000.0
1978-08-01,50.7458,
1978-08-05,,365000.0
1978-08-12,,354000.0
1978-08-19,,343000.0
1978-08-26,,333000.0
1978-09-01,50.8744,
1978-09-02,,313000.0
1978-09-09,,337000.0
1978-09-16,,322000.0
1978-09-23,,323000.0
1978-09-30,,318000.0
1978-10-01,51.2559,
1978-10-07,,343000.0
1978-10-14,,316000.0
1978-10-21,,338000.0
1978-10-28,,316000.0
1978-11-01,51.6514,
1978-11-04,,317000.0
1978-11-11,,304000.0
1978-11-18,,342000.0
1978-11-25,,359000.0
1978-12-01,51.909,
1978-12-02,,377000.0
1978-12-09,,344000.0
1978-12-16,,347000.0
1978-12-23,,352000.0
1978-12-30,,358000.0
1979-01-01,51.6278,
1979-01-06,,359000.0
1979-01-13,,392000.0
1979-01-20,,337000.0
1979-01-27,,342000.0
1979-02-01,51.8752,
1979-02-03,,348000.0
1979-02-10,,359000.0
1979-02-17,,367000.0
1979-02-24,,360000.0
1979-03-01,52.0446,
1979-03-03,,355000.0
1979-03-10,,363000.0
1979-03-17,,359000.0
1979-03-24,,353000.0
1979-03-31,,360000.0
1979-04-01,51.4193,
1979-04-07,,465000.0
1979-04-14,,457000.0
1979-04-21,,383000.0
1979-04-28,,357000.0
1979-05-01,51.8856,
1979-05-05,,353000.0
1979-05-12,,344000.0
1979-05-19,,346000.0
1979-05-26,,349000.0
1979-06-01,51.8965,
1979-06-02,,336000.0
1979-06-09,,365000.0
1979-06-16,,351000.0
1979-06-23,,379000.0
1979-06-30,,369000.0
1979-07-01,51.8097,
1979-07-07,,368000.0
1979-07-14,,368000.0
1979-07-21,,395000.0
1979-07-28,,386000.0
1979-08-01,51.4684,
1979-08-04,,412000.0
1979-08-11,,386000.0
1979-08-18,,387000.0
1979-08-25,,390000.0
1979-09-01,51.4597,389000.0
1979-09-08,,378000.0
1979-09-15,,384000.0
1979-09-22,,388000.0
1979-09-29,,390000.0
1979-10-01,51.8334,
1979-10-06,,412000.0
1979-10-13,,393000.0
1979-10-20,,406000.0
1979-10-27,,398000.0
1979-11-01,51.7531,
1979-11-03,,395000.0
1979-11-10,,414000.0
1979-11-17,,430000.0
1979-11-24,,414000.0
1979-12-01,51.7878,416000.0
1979-12-08,,415000.0
1979-12-15,,411000.0
1979-12-22,,471000.0
1979-12-29,,428000.0
1980-01-01,52.0679,
1980-01-05,,394000.0
1980-01-12,,405000.0
1980-01-19,,446000.0
1980-01-26,,412000.0
1980-02-01,52.082,
1980-02-02,,404000.0
1980-02-09,,425000.0
1980-02-16,,415000.0
1980-02-23,,428000.0
1980-03-01,51.87,409000.0
1980-03-08,,418000.0
1980-03-15,,432000.0
1980-03-22,,435000.0
1980-03-29,,475000.0
1980-04-01,50.8397,
1980-04-05,,464000.0
1980-04-12,,544000.0
1980-04-19,,548000.0
1980-04-26,,563000.0
1980-05-01,49.589,
1980-05-03,,572000.0
1980-05-10,,601000.0
1980-05-17,,642000.0
1980-05-24,,627000.0
1980-05-31,,637000.0
1980-06-01,48.9482,
1980-06-07,,610000.0
1980-06-14,,592000.0
1980-06-21,,599000.0
1980-06-28,,627000.0
1980-07-01,48.6039,
1980-07-05,,579000.0
1980-07-12,,533000.0
1980-07-19,,567000.0
1980-07-26,,558000.0
1980-08-01,48.7563,
1980-08-02,,569000.0
1980-08-09,,533000.0
1980-08-16,,525000.0
1980-08-23,,512000.0
1980-08-30,,502000.0
1980-09-01,49.5608,
1980-09-06,,511000.0
1980-09-13,,492000.0
1980-09-20,,465000.0
1980-09-27,,463000.0
1980-10-01,50.1908,
1980-10-04,,462000.0
1980-10-11,,447000.0
1980-10-18,,425000.0
1980-10-25,,418000.0
1980-11-01,51.0311,419000.0
1980-11-08,,407000.0
1980-11-15,,427000.0
1980-11-22,,398000.0
1980-11-29,,412000.0
1980-12-01,51.3708,
1980-12-06,,416000.0
1980-12-13,,413000.0
1980-12-20,,412000.0
1980-12-27,,399000.0
1981-01-01,51.0415,
1981-01-03,,410000.0
1981-01-10,,419000.0
1981-01-17,,421000.0
1981-01-24,,396000.0
1981-01-31,,419000.0
1981-02-01,50.824,
1981-02-07,,420000.0
1981-02-14,,423000.0
1981-02-21,,438000.0
1981-02-28,,434000.0
1981-03-01,51.0826,
1981-03-07,,409000.0
1981-03-14,,408000.0
1981-03-21,,401000.0
1981-03-28,,412000.0
1981-04-01,50.858,
1981-04-04,,417000.0
1981-04-11,,396000.0
1981-04-18,,392000.0
1981-04-25,,436000.0
1981-05-01,51.1495,
1981-05-02,,413000.0
1981-05-09,,423000.0
1981-05-16,,414000.0
1981-05-23,,415000.0
1981-05-30,,417000.0
1981-06-01,51.4101,
1981-06-06,,428000.0
1981-06-13,,425000.0
1981-06-20,,435000.0
1981-06-27,,444000.0
1981-07-01,51.7471,
1981-07-04,,460000.0
1981-07-11,,426000.0
1981-07-18,,430000.0
1981-07-25,,407000.0
1981-08-01,51.6826,476000.0
1981-08-08,,448000.0
1981-08-15,,442000.0
1981-08-22,,434000.0
1981-08-29,,451000.0
1981-09-01,51.4337,
1981-09-05,,473000.0
1981-09-12,,454000.0
1981-09-19,,475000.0
1981-09-26,,491000.0
1981-10-01,51.0281,
1981-10-03,,489000.0
1981-10-10,,491000.0
1981-10-17,,487000.0
1981-10-24,,483000.0
1981-10-31,,514000.0
1981-11-01,50.435,
1981-11-07,,514000.0
1981-11-14,,517000.0
1981-11-21,,464000.0
1981-11-28,,552000.0
1981-12-01,49.8987,
1981-12-05,,558000.0
1981-12-12,,551000.0
1981-12-19,,539000.0
1981-12-26,,556000.0
1982-01-01,48.8685,
1982-01-02,,495000.0
1982-01-09,,545000.0
1982-01-16,,489000.0
1982-01-23,,564000.0
1982-01-30,,583000.0
1982-02-01,49.8636,
1982-02-06,,556000.0
1982-02-13,,507000.0
1982-02-20,,544000.0
1982-02-27,,528000.0
1982-03-01,49.5323,
1982-03-06,,556000.0
1982-03-13,,539000.0
1982-03-20,,557000.0
1982-03-27,,574000.0
1982-04-01,49.075,
1982-04-03,,578000.0
1982-04-10,,585000.0
1982-04-17,,597000.0
1982-04-24,,588000.0
1982-05-01,48.7483,576000.0
1982-05-08,,584000.0
1982-05-15,,585000.0
1982-05-22,,586000.0
1982-05-29,,588000.0
1982-06-01,48.6214,
1982-06-05,,611000.0
1982-06-12,,614000.0
1982-06-19,,591000.0
1982-06-26,,582000.0
1982-07-01,48.4616,
1982-07-03,,600000.0
1982-07-10,,572000.0
1982-07-17,,567000.0
1982-07-24,,536000.0
1982-07-31,,605000.0
1982-08-01,48.0192,
1982-08-07,,606000.0
1982-08-14,,637000.0
1982-08-21,,628000.0
1982-08-28,,647000.0
1982-09-01,47.9008,
1982-09-04,,651000.0
1982-09-11,,641000.0
1982-09-18,,680000.0
1982-09-25,,671000.0
1982-10-01,47.4371,
1982-10-02,,695000.0
1982-10-09,,651000.0
1982-10-16,,656000.0
1982-10-23,,623000.0
1982-10-30,,637000.0
1982-11-01,47.283,
1982-11-06,,589000.0
1982-11-13,,599000.0
1982-11-20,,577000.0
1982-11-27,,612000.0
1982-12-01,46.9485,
1982-12-04,,557000.0
1982-12-11,,533000.0
1982-12-18,,516000.0
1982-12-25,,489000.0
1983-01-01,47.8234,534000.0
1983-01-08,,510000.0
1983-01-15,,479000.0
1983-01-22,,479000.0
1983-01-29,,503000.0
1983-02-01,47.5233,
1983-02-05,,501000.0
1983-02-12,,486000.0
1983-02-19,,487000.0
1983-02-26,,481000.0
1983-03-01,47.9244,
1983-03-05,,495000.0
1983-03-12,,475000.0
1983-03-19,,470000.0
1983-03-26,,481000.0
1983-04-01,48.5311,
1983-04-02,,491000.0
1983-04-09,,496000.0
1983-04-16,,515000.0
1983-04-23,,488000.0
1983-04-30,,490000.0
1983-05-01,48.8239,
1983-05-07,,494000.0
1983-05-14,,464000.0
1983-05-21,,460000.0
1983-05-28,,454000.0
1983-06-01,49.123,
1983-06-04,,459000.0
1983-06-11,,442000.0
1983-06-18,,434000.0
1983-06-25,,442000.0
1983-07-01,49.8546,
1983-07-02,,422000.0
1983-07-09,,412000.0
1983-07-16,,396000.0
1983-07-23,,395000.0
1983-07-30,,415000.0
1983-08-01,50.4443,
1983-08-06,,415000.0
1983-08-13,,457000.0
1983-08-20,,445000.0
1983-08-27,,426000.0
1983-09-01,51.178,
1983-09-03,,411000.0
1983-09-10,,403000.0
1983-09-17,,405000.0
1983-09-24,,416000.0
1983-10-01,51.5693,413000.0
1983-10-08,,406000.0
1983-10-15,,394000.0
1983-10-22,,394000.0
1983-10-29,,404000.0
1983-11-01,51.7993,
1983-11-05,,395000.0
1983-11-12,,390000.0
1983-11-19,,387000.0
1983-11-26,,398000.0
1983-12-01,52.0594,
1983-12-03,,365000.0
1983-12-10,,368000.0
1983-12-17,,362000.0
1983-12-24,,377000.0
1983-12-31,,372000.0
1984-01-01,53.0985,
1984-01-07,,356000.0
1984-01-14,,351000.0
1984-01-21,,333000.0
1984-01-28,,364000.0
1984-02-01,53.3318,
1984-02-04,,342000.0
1984-02-11,,338000.0
1984-02-18,,334000.0
1984-02-25,,343000.0
1984-03-01,53.5929,
1984-03-03,,347000.0
1984-03-10,,346000.0
1984-03-17,,349000.0
1984-03-24,,346000.0
1984-03-31,,341000.0
1984-04-01,53.91,
1984-04-07,,381000.0
1984-04-14,,357000.0
1984-04-21,,364000.0
1984-04-28,,375000.0
1984-05-01,54.2026,
1984-05-05,,365000.0
1984-05-12,,368000.0
1984-05-19,,354000.0
1984-05-26,,354000.0
1984-06-01,54.4014,
1984-06-02,,355000.0
1984-06-09,,369000.0
1984-06-16,,361000.0
1984-06-23,,362000.0
1984-06-30,,360000.0
1984-07-01,54.5521,
1984-07-07,,366000.0
1984-07-14,,360000.0
1984-07-21,,357000.0
1984-07-28,,359000.0
1984-08-01,54.6083,
1984-08-04,,382000.0
1984-08-11,,380000.0
1984-08-18,,401000.0
1984-08-25,,395000.0
1984-09-01,54.4466,385000.0
1984-09-08,,402000.0
1984-09-15,,393000.0
1984-09-22,,395000.0
1984-09-29,,402000.0
1984-10-01,54.4406,
1984-10-06,,403000.0
1984-10-13,,410000.0
1984-10-20,,439000.0
1984-10-27,,425000.0
1984-11-01,54.624,
1984-11-03,,423000.0
1984-11-10,,393000.0
1984-11-17,,383000.0
1984-11-24,,429000.0
1984-12-01,54.6416,401000.0
1984-12-08,,383000.0
1984-12-15,,386000.0
1984-12-22,,379000.0
1984-12-29,,379000.0
1985-01-01,54.6322,
1985-01-05,,369000.0
1985-01-12,,387000.0
1985-01-19,,359000.0
1985-01-26,,368000.0
1985-02-01,54.7825,
1985-02-02,,386000.0
1985-02-09,,401000.0
1985-02-16,,390000.0
1985-02-23,,390000.0
1985-03-01,54.8653,
1985-03-02,,374000.0
1985-03-09,,385000.0
1985-03-16,,386000.0
1985-03-23,,373000.0
1985-03-30,,386000.0
1985-04-01,54.7459,
1985-04-06,,405000.0
1985-04-13,,411000.0
1985-04-20,,391000.0
1985-04-27,,386000.0
1985-05-01,54.8255,
1985-05-04,,390000.0
1985-05-11,,394000.0
1985-05-18,,391000.0
1985-05-25,,396000.0
1985-06-01,54.7989,393000.0
1985-06-08,,403000.0
1985-06-15,,390000.0
1985-06-22,,386000.0
1985-06-29,,390000.0
1985-07-01,54.5396,
1985-07-06,,395000.0
1985-07-13,,386000.0
1985-07-20,,370000.0
1985-07-27,,362000.0
1985-08-01,54.7055,
1985-08-03,,407000.0
1985-08-10,,402000.0
1985-08-17,,399000.0
1985-08-24,,405000.0
1985-08-31,,409000.0
1985-09-01,54.8906,
1985-09-07,,426000.0
1985-09-14,,408000.0
1985-09-21,,401000.0
1985-09-28,,399000.0
1985-10-01,54.7199,
1985-10-05,,405000.0
1985-10-12,,400000.0
1985-10-19,,400000.0
1985-10-26,,418000.0
1985-11-01,54.9124,
1985-11-02,,398000.0
1985-11-09,,397000.0
1985-11-16,,397000.0
1985-11-23,,382000.0
1985-11-30,,393000.0
1985-12-01,55.4412,
1985-12-07,,399000.0
1985-12-14,,382000.0
1985-12-21,,370000.0
1985-12-28,,390000.0
1986-01-01,55.7481,
1986-01-04,,362000.0
1986-01-11,,397000.0
1986-01-18,,364000.0
1986-01-25,,344000.0
1986-02-01,55.3568,364000.0
1986-02-08,,366000.0
1986-02-15,,358000.0
1986-02-22,,390000.0
1986-03-01,54.9625,375000.0
1986-03-08,,366000.0
1986-03-15,,382000.0
1986-03-22,,387000.0
1986-03-29,,396000.0
1986-04-01,55.0413,
1986-04-05,,381000.0
1986-04-12,,388000.0
1986-04-19,,383000.0
1986-04-26,,391000.0
1986-05-01,55.1226,
1986-05-03,,392000.0
1986-05-10,,395000.0
1986-05-17,,384000.0
1986-05-24,,386000.0
1986-05-31,,373000.0
1986-06-01,54.9005,
1986-06-07,,375000.0
1986-06-14,,369000.0
1986-06-21,,367000.0
1986-06-28,,371000.0
1986-07-01,55.2592,
1986-07-05,,371000.0
1986-07-12,,361000.0
1986-07-19,,354000.0
1986-07-26,,362000.0
1986-08-01,55.1567,
1986-08-02,,416000.0
1986-08-09,,416000.0
1986-08-16,,407000.0
1986-08-23,,397000.0
1986-08-30,,401000.0
1986-09-01,55.2975,
1986-09-06,,400000.0
1986-09-13,,394000.0
1986-09-20,,399000.0
1986-09-27,,389000.0
1986-10-01,55.5332,
1986-10-04,,391000.0
1986-10-11,,387000.0
1986-10-18,,385000.0
1986-10-25,,370000.0
1986-11-01,55.7557,364000.0
1986-11-08,,349000.0
1986-11-15,,368000.0
1986-11-22,,369000.0
1986-11-29,,366000.0
1986-12-01,56.2845,
1986-12-06,,363000.0
1986-12-13,,375000.0
1986-12-20,,350000.0
1986-12-27,,345000.0
1987-01-01,56.0882,
1987-01-03,,323000.0
1987-01-10,,348000.0
1987-01-17,,341000.0
1987-01-24,,346000.0
1987-01-31,,370000.0
1987-02-01,56.8275,
1987-02-07,,368000.0
1987-02-14,,338000.0
1987-02-21,,341000.0
1987-02-28,,348000.0
1987-03-01,56.9098,
1987-03-07,,337000.0
1987-03-14,,335000.0
1987-03-21,,335000.0
1987-03-28,,326000.0
1987-04-01,57.2701,
1987-04-04,,330000.0
1987-04-11,,338000.0
1987-04-18,,349000.0
1987-04-25,,328000.0
1987-05-01,57.6322,
1987-05-02,,330000.0
1987-05-09,,315000.0
1987-05-16,,341000.0
1987-05-23,,343000.0
1987-05-30,,326000.0
1987-06-01,57.9307,
1987-06-06,,328000.0
1987-06-13,,316000.0
1987-06-20,,319000.0
1987-06-27,,326000.0
1987-07-01,58.3258,
1987-07-04,,326000.0
1987-07-11,,317000.0
1987-07-18,,310000.0
1987-07-25,,324000.0
1987-08-01,58.7636,348000.0
1987-08-08,,327000.0
1987-08-15,,319000.0
1987-08-22,,312000.0
1987-08-29,,322000.0
1987-09-01,58.9951,
1987-09-05,,316000.0
1987-09-12,,297000.0
1987-09-19,,309000.0
1987-09-26,,317000.0
1987-10-01,59.781,
1987-10-03,,301000.0
1987-10-10,,308000.0
1987-10-17,,301000.0
1987-10-24,,301000.0
1987-10-31,,289000.0
1987-11-01,60.0726,
1987-11-07,,297000.0
1987-11-14,,307000.0
1987-11-21,,317000.0
1987-11-28,,306000.0
1987-12-01,60.4095,
1987-12-05,,319000.0
1987-12-12,,317000.0
1987-12-19,,323000.0
1987-12-26,,316000.0
1988-01-01,60.3976,
1988-01-02,,315000.0
1988-01-09,,325000.0
1988-01-16,,361000.0
1988-01-23,,335000.0
1988-01-30,,342000.0
1988-02-01,60.7003,
1988-02-06,,318000.0
1988-02-13,,311000.0
1988-02-20,,327000.0
1988-02-27,,319000.0
1988-03-01,60.8501,
1988-03-05,,307000.0
1988-03-12,,304000.0
1988-03-19,,307000.0
1988-03-26,,304000.0
1988-04-01,61.2031,
1988-04-02,,309000.0
1988-04-09,,313000.0
1988-04-16,,314000.0
1988-04-23,,312000.0
1988-04-30,,313000.0
1988-05-01,61.0797,
1988-05-07,,309000.0
1988-05-14,,314000.0
1988-05-21,,319000.0
1988-05-28,,313000.0
1988-06-01,61.2569,
1988-06-04,,310000.0
1988-06-11,,305000.0
1988-06-18,,311000.0
1988-06-25,,307000.0
1988-07-01,61.2659,
1988-07-02,,305000.0
1988-07-09,,303000.0
1988-07-16,,315000.0
1988-07-23,,354000.0
1988-07-30,,331000.0
1988-08-01,61.5731,
1988-08-06,,316000.0
1988-08-13,,312000.0
1988-08-20,,316000.0
1988-08-27,,315000.0
1988-09-01,61.3807,
1988-09-03,,306000.0
1988-09-10,,305000.0
1988-09-17,,306000.0
1988-09-24,,301000.0
1988-10-01,61.6453,292000.0
1988-10-08,,292000.0
1988-10-15,,293000.0
1988-10-22,,286000.0
1988-10-29,,294000.0
1988-11-01,61.7944,
1988-11-05,,285000.0
1988-11-12,,284000.0
1988-11-19,,294000.0
1988-11-26,,299000.0
1988-12-01,62.0743,
1988-12-03,,298000.0
1988-12-10,,285000.0
1988-12-17,,293000.0
1988-12-24,,286000.0
1988-12-31,,304000.0
1989-01-01,62.2574,
1989-01-07,,299000.0
1989-01-14,,283000.0
1989-01-21,,282000.0
1989-01-28,,295000.0
1989-02-01,61.9819,
1989-02-04,,288000.0
1989-02-11,,322000.0
1989-02-18,,305000.0
1989-02-25,,300000.0
1989-03-01,62.1369,
1989-03-04,,325000.0
1989-03-11,,325000.0
1989-03-18,,319000.0
1989-03-25,,319000.0
1989-04-01,62.1276,323000.0
1989-04-08,,314000.0
1989-04-15,,307000.0
1989-04-22,,304000.0
1989-04-29,,311000.0
1989-05-01,61.7744,
1989-05-06,,320000.0
1989-05-13,,332000.0
1989-05-20,,321000.0
1989-05-27,,325000.0
1989-06-01,61.7697,
1989-06-03,,325000.0
1989-06-10,,332000.0
1989-06-17,,337000.0
1989-06-24,,338000.0
1989-07-01,61.1738,349000.0
1989-07-08,,341000.0
1989-07-15,,349000.0
1989-07-22,,332000.0
1989-07-29,,337000.0
1989-08-01,61.7732,
1989-08-05,,338000.0
1989-08-12,,341000.0
1989-08-19,,327000.0
1989-08-26,,332000.0
1989-09-01,61.5796,
1989-09-02,,329000.0
1989-09-09,,336000.0
1989-09-16,,334000.0
1989-09-23,,334000.0
1989-09-30,,347000.0
1989-10-01,61.4966,
1989-10-07,,407000.0
1989-10-14,,345000.0
1989-10-21,,347000.0
1989-10-28,,354000.0
1989-11-01,61.7044,
1989-11-04,,333000.0
1989-11-11,,336000.0
1989-11-18,,336000.0
1989-11-25,,342000.0
1989-12-01,62.0428,
1989-12-02,,344000.0
1989-12-09,,338000.0
1989-12-16,,355000.0
1989-12-23,,381000.0
1989-12-30,,358000.0
1990-01-01,61.729,
1990-01-06,,355000.0
1990-01-13,,369000.0
1990-01-20,,375000.0
1990-01-27,,345000.0
1990-02-01,62.2896,
1990-02-03,,368000.0
1990-02-10,,367000.0
1990-02-17,,348000.0
1990-02-24,,350000.0
1990-03-01,62.5999,
1990-03-03,,351000.0
1990-03-10,,349000.0
1990-03-17,,349000.0
1990-03-24,,331000.0
1990-03-31,,346000.0
1990-04-01,62.4359,
1990-04-07,,367000.0
1990-04-14,,357000.0
1990-04-21,,360000.0
1990-04-28,,363000.0
1990-05-01,62.6258,
1990-05-05,,354000.0
1990-05-12,,355000.0
1990-05-19,,353000.0
1990-05-26,,359000.0
1990-06-01,62.8382,
1990-06-02,,368000.0
1990-06-09,,359000.0
1990-06-16,,359000.0
1990-06-23,,362000.0
1990-06-30,,364000.0
1990-07-01,62.7284,
1990-07-07,,362000.0
1990-07-14,,367000.0
1990-07-21,,370000.0
1990-07-28,,369000.0
1990-08-01,62.9475,
1990-08-04,,369000.0
1990-08-11,,381000.0
1990-08-18,,393000.0
1990-08-25,,394000.0
1990-09-01,62.9523,392000.0
1990-09-08,,390000.0
1990-09-15,,395000.0
1990-09-22,,389000.0
1990-09-29,,404000.0
1990-10-01,62.5845,
1990-10-06,,404000.0
1990-10-13,,422000.0
1990-10-20,,435000.0
1990-10-27,,440000.0
1990-11-01,61.7887,
1990-11-03,,430000.0
1990-11-10,,448000.0
1990-11-17,,447000.0
1990-11-24,,462000.0
1990-12-01,61.3352,451000.0
1990-12-08,,449000.0
1990-12-15,,447000.0
1990-12-22,,474000.0
1990-12-29,,454000.0
1991-01-01,61.1355,
1991-01-05,,415000.0
1991-01-12,,437000.0
1991-01-19,,445000.0
1991-01-26,,462000.0
1991-02-01,60.6838,
1991-02-02,,483000.0
1991-02-09,,480000.0
1991-02-16,,474000.0
1991-02-23,,499000.0
1991-03-01,60.3346,
1991-03-02,,488000.0
1991-03-09,,499000.0
1991-03-16,,498000.0
1991-03-23,,509000.0
1991-03-30,,499000.0
1991-04-01,60.4938,
1991-04-06,,452000.0
1991-04-13,,477000.0
1991-04-20,,478000.0
1991-04-27,,462000.0
1991-05-01,61.0633,
1991-05-04,,451000.0
1991-05-11,,446000.0
1991-05-18,,448000.0
1991-05-25,,443000.0
1991-06-01,61.5581,432000.0
1991-06-08,,441000.0
1991-06-15,,429000.0
1991-06-22,,423000.0
1991-06-29,,418000.0
1991-07-01,61.7305,
1991-07-06,,422000.0
1991-07-13,,420000.0
1991-07-20,,408000.0
1991-07-27,,423000.0
1991-08-01,61.7298,
1991-08-03,,438000.0
1991-08-10,,437000.0
1991-08-17,,433000.0
1991-08-24,,425000.0
1991-08-31,,425000.0
1991-09-01,62.2195,
1991-09-07,,424000.0
1991-09-14,,418000.0
1991-09-21,,419000.0
1991-09-28,,437000.0
1991-10-01,62.1855,
1991-10-05,,424000.0
1991-10-12,,425000.0
1991-10-19,,419000.0
1991-10-26,,423000.0
1991-11-01,62.0871,
1991-11-02,,447000.0
1991-11-09,,453000.0
1991-11-16,,439000.0
1991-11-23,,444000.0
1991-11-30,,444000.0
1991-12-01,61.7852,
1991-12-07,,475000.0
1991-12-14,,475000.0
1991-12-21,,436000.0
1991-12-28,,441000.0
1992-01-01,61.4616,
1992-01-04,,432000.0
1992-01-11,,440000.0
1992-01-18,,443000.0
1992-01-25,,441000.0
1992-02-01,61.8955,440000.0
1992-02-08,,445000.0
1992-02-15,,446000.0
1992-02-22,,436000.0
1992-02-29,,444000.0
1992-03-01,62.4232,
1992-03-07,,421000.0
1992-03-14,,437000.0
1992-03-21,,440000.0
1992-03-28,,420000.0
1992-04-01,62.897,
1992-04-04,,412000.0
1992-04-11,,413000.0
1992-04-18,,424000.0
1992-04-25,,424000.0
1992-05-01,63.104,
1992-05-02,,431000.0
1992-05-09,,417000.0
1992-05-16,,414000.0
1992-05-23,,414000.0
1992-05-30,,411000.0
1992-06-01,63.1363,
1992-06-06,,416000.0
1992-06-13,,420000.0
1992-06-20,,419000.0
1992-06-27,,420000.0
1992-07-01,63.7176,
1992-07-04,,407000.0
1992-07-11,,408000.0
1992-07-18,,392000.0
1992-07-25,,564000.0
1992-08-01,63.3613,423000.0
1992-08-08,,406000.0
1992-08-15,,401000.0
1992-08-22,,398000.0
1992-08-29,,408000.0
1992-09-01,63.5703,
1992-09-05,,416000.0
1992-09-12,,416000.0
1992-09-19,,427000.0
1992-09-26,,409000.0
1992-10-01,63.9995,
1992-10-03,,398000.0
1992-10-10,,374000.0
1992-10-17,,385000.0
1992-10-24,,367000.0
1992-10-31,,365000.0
1992-11-01,64.2422,
1992-11-07,,374000.0
1992-11-14,,377000.0
1992-11-21,,357000.0
1992-11-28,,341000.0
1992-12-01,64.3507,
1992-12-05,,350000.0
1992-12-12,,359000.0
1992-12-19,,334000.0
1992-12-26,,313000.0
1993-01-01,64.5978,
1993-01-02,,341000.0
1993-01-09,,354000.0
1993-01-16,,352000.0
1993-01-23,,341000.0
1993-01-30,,340000.0
1993-02-01,64.9089,
1993-02-06,,319000.0
1993-02-13,,321000.0
1993-02-20,,351000.0
1993-02-27,,362000.0
1993-03-01,64.8522,
1993-03-06,,354000.0
1993-03-13,,346000.0
1993-03-20,,338000.0
1993-03-27,,366000.0
1993-04-01,65.0301,
1993-04-03,,365000.0
1993-04-10,,353000.0
1993-04-17,,351000.0
1993-04-24,,350000.0
1993-05-01,64.784,343000.0
1993-05-08,,339000.0
1993-05-15,,345000.0
1993-05-22,,342000.0
1993-05-29,,349000.0
1993-06-01,64.9301,
1993-06-05,,343000.0
1993-06-12,,343000.0
1993-06-19,,345000.0
1993-06-26,,340000.0
1993-07-01,65.1052,
1993-07-03,,334000.0
1993-07-10,,314000.0
1993-07-17,,335000.0
1993-07-24,,415000.0
1993-07-31,,356000.0
1993-08-01,65.0267,
1993-08-07,,346000.0
1993-08-14,,339000.0
1993-08-21,,342000.0
1993-08-28,,337000.0
1993-09-01,65.3717,
1993-09-04,,334000.0
1993-09-11,,333000.0
1993-09-18,,346000.0
1993-09-25,,343000.0
1993-10-01,65.8509,
1993-10-02,,333000.0
1993-10-09,,355000.0
1993-10-16,,359000.0
1993-10-23,,354000.0
1993-10-30,,348000.0
1993-11-01,66.1518,
1993-11-06,,350000.0
1993-11-13,,341000.0
1993-11-20,,336000.0
1993-11-27,,337000.0
1993-12-01,66.5436,
1993-12-04,,337000.0
1993-12-11,,334000.0
1993-12-18,,331000.0
1993-12-25,,290000.0
1994-01-01,66.7351,341000.0
1994-01-08,,343000.0
1994-01-15,,355000.0
1994-01-22,,351000.0
1994-01-29,,406000.0
1994-02-01,66.774,
1994-02-05,,361000.0
1994-02-12,,354000.0
1994-02-19,,352000.0
1994-02-26,,327000.0
1994-03-01,67.4552,
1994-03-05,,348000.0
1994-03-12,,341000.0
1994-03-19,,332000.0
1994-03-26,,322000.0
1994-04-01,67.8541,
1994-04-02,,342000.0
1994-04-09,,349000.0
1994-04-16,,354000.0
1994-04-23,,331000.0
1994-04-30,,344000.0
1994-05-01,68.1663,
1994-05-07,,371000.0
1994-05-14,,360000.0
1994-05-21,,357000.0
1994-05-28,,348000.0
1994-06-01,68.6265,
1994-06-04,,345000.0
1994-06-11,,338000.0
1994-06-18,,336000.0
1994-06-25,,341000.0
1994-07-01,68.7178,
1994-07-02,,334000.0
1994-07-09,,341000.0
1994-07-16,,359000.0
1994-07-23,,345000.0
1994-07-30,,332000.0
1994-08-01,69.1785,
1994-08-06,,338000.0
1994-08-13,,335000.0
1994-08-20,,331000.0
1994-08-27,,341000.0
1994-09-01,69.3961,
1994-09-03,,339000.0
1994-09-10,,331000.0
1994-09-17,,326000.0
1994-09-24,,325000.0
1994-10-01,69.9544,330000.0
1994-10-08,,341000.0
1994-10-15,,335000.0
1994-10-22,,330000.0
1994-10-29,,331000.0
1994-11-01,70.4326,
1994-11-05,,328000.0
1994-11-12,,329000.0
1994-11-19,,326000.0
1994-11-26,,329000.0
1994-12-01,71.1523,
1994-12-03,,324000.0
1994-12-10,,329000.0
1994-12-17,,330000.0
1994-12-24,,314000.0
1994-12-31,,319000.0
1995-01-01,71.2734,
1995-01-07,,338000.0
1995-01-14,,347000.0
1995-01-21,,325000.0
1995-01-28,,324000.0
1995-02-01,71.193,
1995-02-04,,324000.0
1995-02-11,,348000.0
1995-02-18,,343000.0
1995-02-25,,336000.0
1995-03-01,71.3113,
1995-03-04,,339000.0
1995-03-11,,347000.0
1995-03-18,,343000.0
1995-03-25,,332000.0
1995-04-01,71.1882,335000.0
1995-04-08,,347000.0
1995-04-15,,355000.0
1995-04-22,,349000.0
1995-04-29,,365000.0
1995-05-01,71.5378,
1995-05-06,,364000.0
1995-05-13,,366000.0
1995-05-20,,377000.0
1995-05-27,,374000.0
1995-06-01,71.7749,
1995-06-03,,362000.0
1995-06-10,,367000.0
1995-06-17,,378000.0
1995-06-24,,358000.0
1995-07-01,71.4748,355000.0
1995-07-08,,372000.0
1995-07-15,,389000.0
1995-07-22,,390000.0
1995-07-29,,351000.0
1995-08-01,72.4223,
1995-08-05,,351000.0
1995-08-12,,353000.0
1995-08-19,,362000.0
1995-08-26,,359000.0
1995-09-01,72.7144,
1995-09-02,,355000.0
1995-09-09,,371000.0
1995-09-16,,376000.0
1995-09-23,,353000.0
1995-09-30,,355000.0
1995-10-01,72.5866,
1995-10-07,,374000.0
1995-10-14,,369000.0
1995-10-21,,366000.0
1995-10-28,,377000.0
1995-11-01,72.7779,
1995-11-04,,380000.0
1995-11-11,,370000.0
1995-11-18,,379000.0
1995-11-25,,379000.0
1995-12-01,73.0305,
1995-12-02,,373000.0
1995-12-09,,346000.0
1995-12-16,,373000.0
1995-12-23,,374000.0
1995-12-30,,359000.0
1996-01-01,72.6125,
1996-01-06,,361000.0
1996-01-13,,333000.0
1996-01-20,,415000.0
1996-01-27,,387000.0
1996-02-01,73.6752,
1996-02-03,,374000.0
1996-02-10,,387000.0
1996-02-17,,383000.0
1996-02-24,,365000.0
1996-03-01,73.585,
1996-03-02,,368000.0
1996-03-09,,361000.0
1996-03-16,,384000.0
1996-03-23,,426000.0
1996-03-30,,393000.0
1996-04-01,74.3172,
1996-04-06,,369000.0
1996-04-13,,357000.0
1996-04-20,,368000.0
1996-04-27,,343000.0
1996-05-01,74.8726,
1996-05-04,,338000.0
1996-05-11,,352000.0
1996-05-18,,345000.0
1996-05-25,,343000.0
1996-06-01,75.4433,340000.0
1996-06-08,,351000.0
1996-06-15,,342000.0
1996-06-22,,341000.0
1996-06-29,,337000.0
1996-07-01,75.4549,
1996-07-06,,342000.0
1996-07-13,,347000.0
1996-07-20,,332000.0
1996-07-27,,327000.0
1996-08-01,75.8411,
1996-08-03,,326000.0
1996-08-10,,331000.0
1996-08-17,,336000.0
1996-08-24,,337000.0
1996-08-31,,329000.0
1996-09-01,76.3158,
1996-09-07,,333000.0
1996-09-14,,338000.0
1996-09-21,,352000.0
1996-09-28,,348000.0
1996-10-01,76.3384,
1996-10-05,,335000.0
1996-10-12,,334000.0
1996-10-19,,335000.0
1996-10-26,,352000.0
1996-11-01,77.0397,
1996-11-02,,334000.0
1996-11-09,,327000.0
1996-11-16,,342000.0
1996-11-23,,347000.0
1996-11-30,,332000.0
1996-12-01,77.5333,
1996-12-07,,355000.0
1996-12-14,,352000.0
1996-12-21,,350000.0
1996-12-28,,357000.0
1997-01-01,77.6562,
1997-01-04,,347000.0
1997-01-11,,324000.0
1997-01-18,,345000.0
1997-01-25,,340000.0
1997-02-01,78.5833,333000.0
1997-02-08,,315000.0
1997-02-15,,313000.0
1997-02-22,,322000.0
1997-03-01,79.082,321000.0
1997-03-08,,317000.0
1997-03-15,,319000.0
1997-03-22,,315000.0
1997-03-29,,325000.0
1997-04-01,79.1747,
1997-04-05,,325000.0
1997-04-12,,330000.0
1997-04-19,,316000.0
1997-04-26,,337000.0
1997-05-01,79.6133,
1997-05-03,,342000.0
1997-05-10,,318000.0
1997-05-17,,322000.0
1997-05-24,,316000.0
1997-05-31,,321000.0
1997-06-01,79.9792,
1997-06-07,,329000.0
1997-06-14,,335000.0
1997-06-21,,316000.0
1997-06-28,,322000.0
1997-07-01,80.6624,
1997-07-05,,346000.0
1997-07-12,,328000.0
1997-07-19,,301000.0
1997-07-26,,306000.0
1997-08-01,81.4694,
1997-08-02,,320000.0
1997-08-09,,329000.0
1997-08-16,,343000.0
1997-08-23,,327000.0
1997-08-30,,332000.0
1997-09-01,82.2156,
1997-09-06,,313000.0
1997-09-13,,314000.0
1997-09-20,,317000.0
1997-09-27,,317000.0
1997-10-01,82.9446,
1997-10-04,,311000.0
1997-10-11,,305000.0
1997-10-18,,318000.0
1997-10-25,,306000.0
1997-11-01,83.5978,313000.0
1997-11-08,,308000.0
1997-11-15,,325000.0
1997-11-22,,309000.0
1997-11-29,,318000.0
1997-12-01,83.9538,
1997-12-06,,317000.0
1997-12-13,,323000.0
1997-12-20,,310000.0
1997-12-27,,303000.0
1998-01-01,84.3218,
1998-01-03,,312000.0
1998-01-10,,331000.0
1998-01-17,,341000.0
1998-01-24,,307000.0
1998-01-31,,315000.0
1998-02-01,84.4583,
1998-02-07,,311000.0
1998-02-14,,321000.0
1998-02-21,,327000.0
1998-02-28,,317000.0
1998-03-01,84.488,
1998-03-07,,308000.0
1998-03-14,,319000.0
1998-03-21,,321000.0
1998-03-28,,312000.0
1998-04-01,84.7779,
1998-04-04,,312000.0
1998-04-11,,304000.0
1998-04-18,,317000.0
1998-04-25,,311000.0
1998-05-01,85.3367,
1998-05-02,,304000.0
1998-05-09,,306000.0
1998-05-16,,315000.0
1998-05-23,,309000.0
1998-05-30,,322000.0
1998-06-01,84.8248,
1998-06-06,,306000.0
1998-06-13,,321000.0
1998-06-20,,349000.0
1998-06-27,,376000.0
1998-07-01,84.4986,
1998-07-04,,362000.0
1998-07-11,,320000.0
1998-07-18,,315000.0
1998-07-25,,335000.0
1998-08-01,86.248,327000.0
1998-08-08,,316000.0
1998-08-15,,308000.0
1998-08-22,,302000.0
1998-08-29,,310000.0
1998-09-01,86.2021,
1998-09-05,,313000.0
1998-09-12,,304000.0
1998-09-19,,305000.0
1998-09-26,,294000.0
1998-10-01,86.7914,
1998-10-03,,302000.0
1998-10-10,,316000.0
1998-10-17,,318000.0
1998-10-24,,309000.0
1998-10-31,,308000.0
1998-11-01,86.7256,
1998-11-07,,316000.0
1998-11-14,,334000.0
1998-11-21,,304000.0
1998-11-28,,310000.0
1998-12-01,87.1185,
1998-12-05,,326000.0
1998-12-12,,305000.0
1998-12-19,,297000.0
1998-12-26,,336000.0
1999-01-01,87.4949,
1999-01-02,,331000.0
1999-01-09,,345000.0
1999-01-16,,339000.0
1999-01-23,,311000.0
1999-01-30,,305000.0
1999-02-01,88.027,
1999-02-06,,291000.0
1999-02-13,,312000.0
1999-02-20,,302000.0
1999-02-27,,301000.0
1999-03-01,88.2267,
1999-03-06,,300000.0
1999-03-13,,308000.0
1999-03-20,,305000.0
1999-03-27,,298000.0
1999-04-01,88.4295,
1999-04-03,,310000.0
1999-04-10,,319000.0
1999-04-17,,314000.0
1999-04-24,,291000.0
1999-05-01,88.9886,296000.0
1999-05-08,,310000.0
1999-05-15,,301000.0
1999-05-22,,298000.0
1999-05-29,,303000.0
1999-06-01,88.9188,
1999-06-05,,303000.0
1999-06-12,,290000.0
1999-06-19,,292000.0
1999-06-26,,291000.0
1999-07-01,89.4333,
1999-07-03,,287000.0
1999-07-10,,288000.0
1999-07-17,,309000.0
1999-07-24,,306000.0
1999-07-31,,300000.0
1999-08-01,89.7924,
1999-08-07,,295000.0
1999-08-14,,292000.0
1999-08-21,,286000.0
1999-08-28,,290000.0
1999-09-01,89.4299,
1999-09-04,,290000.0
1999-09-11,,281000.0
1999-09-18,,281000.0
1999-09-25,,306000.0
1999-10-01,90.523,
1999-10-02,,309000.0
1999-10-09,,291000.0
1999-10-16,,287000.0
1999-10-23,,280000.0
1999-10-30,,285000.0
1999-11-01,90.9618,
1999-11-06,,282000.0
1999-11-13,,281000.0
1999-11-20,,276000.0
1999-11-27,,288000.0
1999-12-01,91.6634,
1999-12-04,,287000.0
1999-12-11,,272000.0
1999-12-18,,287000.0
1999-12-25,,268000.0
2000-01-01,91.538,286000.0
2000-01-08,,298000.0
2000-01-15,,289000.0
2000-01-22,,284000.0
2000-01-29,,285000.0
2000-02-01,91.8239,
2000-02-05,,312000.0
2000-02-12,,300000.0
2000-02-19,,283000.0
2000-02-26,,280000.0
2000-03-01,92.1504,
2000-03-04,,286000.0
2000-03-11,,270000.0
2000-03-18,,271000.0
2000-03-25,,272000.0
2000-04-01,92.6989,266000.0
2000-04-08,,268000.0
2000-04-15,,259000.0
2000-04-22,,274000.0
2000-04-29,,291000.0
2000-05-01,92.9499,
2000-05-06,,293000.0
2000-05-13,,276000.0
2000-05-20,,280000.0
2000-05-27,,280000.0
2000-06-01,92.9862,
2000-06-03,,290000.0
2000-06-10,,284000.0
2000-06-17,,294000.0
2000-06-24,,296000.0
2000-07-01,92.8048,281000.0
2000-07-08,,293000.0
2000-07-15,,303000.0
2000-07-22,,300000.0
2000-07-29,,298000.0
2000-08-01,92.5521,
2000-08-05,,306000.0
2000-08-12,,315000.0
2000-08-19,,318000.0
2000-08-26,,312000.0
2000-09-01,92.9792,
2000-09-02,,301000.0
2000-09-09,,309000.0
2000-09-16,,311000.0
2000-09-23,,288000.0
2000-09-30,,292000.0
2000-10-01,92.6179,
2000-10-07,,309000.0
2000-10-14,,299000.0
2000-10-21,,295000.0
2000-10-28,,301000.0
2000-11-01,92.6438,
2000-11-04,,331000.0
2000-11-11,,318000.0
2000-11-18,,332000.0
2000-11-25,,356000.0
2000-12-01,92.3415,
2000-12-02,,338000.0
2000-12-09,,321000.0
2000-12-16,,354000.0
2000-12-23,,364000.0
2000-12-30,,353000.0
2001-01-01,91.902,
2001-01-06,,337000.0
2001-01-13,,318000.0
2001-01-20,,343000.0
2001-01-27,,362000.0
2001-02-01,91.3034,
2001-02-03,,376000.0
2001-02-10,,365000.0
2001-02-17,,358000.0
2001-02-24,,386000.0
2001-03-01,91.1162,
2001-03-03,,384000.0
2001-03-10,,393000.0
2001-03-17,,393000.0
2001-03-24,,378000.0
2001-03-31,,388000.0
2001-04-01,90.7891,
2001-04-07,,398000.0
2001-04-14,,383000.0
2001-04-21,,400000.0
2001-04-28,,406000.0
2001-05-01,90.3555,
2001-05-05,,381000.0
2001-05-12,,390000.0
2001-05-19,,402000.0
2001-05-26,,405000.0
2001-06-01,89.8784,
2001-06-02,,406000.0
2001-06-09,,411000.0
2001-06-16,,394000.0
2001-06-23,,381000.0
2001-06-30,,394000.0
2001-07-01,89.3028,
2001-07-07,,401000.0
2001-07-14,,405000.0
2001-07-21,,398000.0
2001-07-28,,388000.0
2001-08-01,89.2003,
2001-08-04,,401000.0
2001-08-11,,394000.0
2001-08-18,,402000.0
2001-08-25,,395000.0
2001-09-01,88.7485,402000.0
2001-09-08,,408000.0
2001-09-15,,395000.0
2001-09-22,,453000.0
2001-09-29,,517000.0
2001-10-01,88.5052,
2001-10-06,,476000.0
2001-10-13,,482000.0
2001-10-20,,482000.0
2001-10-27,,483000.0
2001-11-01,87.97,
2001-11-03,,440000.0
2001-11-10,,428000.0
2001-11-17,,431000.0
2001-11-24,,491000.0
2001-12-01,87.9324,465000.0
2001-12-08,,393000.0
2001-12-15,,389000.0
2001-12-22,,416000.0
2001-12-29,,421000.0
2002-01-01,88.5176,
2002-01-05,,397000.0
2002-01-12,,418000.0
2002-01-19,,405000.0
2002-01-26,,414000.0
2002-02-01,88.5278,
2002-02-02,,404000.0
2002-02-09,,397000.0
2002-02-16,,397000.0
2002-02-23,,398000.0
2002-03-01,89.1686,
2002-03-02,,392000.0
2002-03-09,,399000.0
2002-03-16,,392000.0
2002-03-23,,415000.0
2002-03-30,,479000.0
2002-04-01,89.604,
2002-04-06,,445000.0
2002-04-13,,442000.0
2002-04-20,,416000.0
2002-04-27,,414000.0
2002-05-01,89.964,
2002-05-04,,409000.0
2002-05-11,,413000.0
2002-05-18,,411000.0
2002-05-25,,403000.0
2002-06-01,90.7061,378000.0
2002-06-08,,388000.0
2002-06-15,,396000.0
2002-06-22,,388000.0
2002-06-29,,386000.0
2002-07-01,90.6769,
2002-07-06,,391000.0
2002-07-13,,384000.0
2002-07-20,,379000.0
2002-07-27,,390000.0
2002-08-01,90.5762,
2002-08-03,,388000.0
2002-08-10,,389000.0
2002-08-17,,399000.0
2002-08-24,,398000.0
2002-08-31,,394000.0
2002-09-01,90.6531,
2002-09-07,,416000.0
2002-09-14,,412000.0
2002-09-21,,401000.0
2002-09-28,,409000.0
2002-10-01,90.4643,
2002-10-05,,404000.0
2002-10-12,,405000.0
2002-10-19,,412000.0
2002-10-26,,409000.0
2002-11-01,90.9711,
2002-11-02,,405000.0
2002-11-09,,400000.0
2002-11-16,,389000.0
2002-11-23,,390000.0
2002-11-30,,377000.0
2002-12-01,90.4652,
2002-12-07,,425000.0
2002-12-14,,429000.0
2002-12-21,,394000.0
2002-12-28,,409000.0
2003-01-01,91.2361,
2003-01-04,,393000.0
2003-01-11,,378000.0
2003-01-18,,402000.0
2003-01-25,,407000.0
2003-02-01,91.3445,413000.0
2003-02-08,,390000.0
2003-02-15,,420000.0
2003-02-22,,421000.0
2003-03-01,91.1044,436000.0
2003-03-08,,424000.0
2003-03-15,,430000.0
2003-03-22,,411000.0
2003-03-29,,436000.0
2003-04-01,90.5617,
2003-04-05,,417000.0
2003-04-12,,434000.0
2003-04-19,,450000.0
2003-04-26,,444000.0
2003-05-01,90.537,
2003-05-03,,428000.0
2003-05-10,,417000.0
2003-05-17,,425000.0
2003-05-24,,419000.0
2003-05-31,,431000.0
2003-06-01,90.6527,
2003-06-07,,429000.0
2003-06-14,,421000.0
2003-06-21,,408000.0
2003-06-28,,429000.0
2003-07-01,91.1185,
2003-07-05,,433000.0
2003-07-12,,412000.0
2003-07-19,,403000.0
2003-07-26,,398000.0
2003-08-01,90.9197,
2003-08-02,,401000.0
2003-08-09,,404000.0
2003-08-16,,398000.0
2003-08-23,,391000.0
2003-08-30,,407000.0
2003-09-01,91.5059,
2003-09-06,,422000.0
2003-09-13,,394000.0
2003-09-20,,379000.0
2003-09-27,,387000.0
2003-10-01,91.6186,
2003-10-04,,386000.0
2003-10-11,,376000.0
2003-10-18,,387000.0
2003-10-25,,379000.0
2003-11-01,92.2329,363000.0
2003-11-08,,371000.0
2003-11-15,,370000.0
2003-11-22,,354000.0
2003-11-29,,357000.0
2003-12-01,92.2602,
2003-12-06,,367000.0
2003-12-13,,363000.0
2003-12-20,,354000.0
2003-12-27,,349000.0
2004-01-01,92.4006,
2004-01-03,,356000.0
2004-01-10,,354000.0
2004-01-17,,362000.0
2004-01-24,,353000.0
2004-01-31,,376000.0
2004-02-01,92.958,
2004-02-07,,380000.0
2004-02-14,,356000.0
2004-02-21,,359000.0
2004-02-28,,348000.0
2004-03-01,92.5861,
2004-03-06,,344000.0
2004-03-13,,338000.0
2004-03-20,,346000.0
2004-03-27,,340000.0
2004-04-01,92.93,
2004-04-03,,335000.0
2004-04-10,,355000.0
2004-04-17,,364000.0
2004-04-24,,339000.0
2004-05-01,93.6013,324000.0
2004-05-08,,329000.0
2004-05-15,,349000.0
2004-05-22,,342000.0
2004-05-29,,337000.0
2004-06-01,92.871,
2004-06-05,,355000.0
2004-06-12,,339000.0
2004-06-19,,354000.0
2004-06-26,,348000.0
2004-07-01,93.5649,
2004-07-03,,326000.0
2004-07-10,,345000.0
2004-07-17,,355000.0
2004-07-24,,348000.0
2004-07-31,,341000.0
2004-08-01,93.6277,
2004-08-07,,336000.0
2004-08-14,,332000.0
2004-08-21,,343000.0
2004-08-28,,352000.0
2004-09-01,93.7467,
2004-09-04,,326000.0
2004-09-11,,331000.0
2004-09-18,,341000.0
2004-09-25,,351000.0
2004-10-01,94.5465,
2004-10-02,,335000.0
2004-10-09,,338000.0
2004-10-16,,327000.0
2004-10-23,,338000.0
2004-10-30,,332000.0
2004-11-01,94.7813,
2004-11-06,,330000.0
2004-11-13,,337000.0
2004-11-20,,313000.0
2004-11-27,,335000.0
2004-12-01,95.5365,
2004-12-04,,343000.0
2004-12-11,,316000.0
2004-12-18,,322000.0
2004-12-25,,320000.0
2005-01-01,95.8801,356000.0
2005-01-08,,369000.0
2005-01-15,,332000.0
2005-01-22,,329000.0
2005-01-29,,331000.0
2005-02-01,96.5761,
2005-02-05,,307000.0
2005-02-12,,308000.0
2005-02-19,,318000.0
2005-02-26,,314000.0
2005-03-01,96.4456,
2005-03-05,,333000.0
2005-03-12,,324000.0
2005-03-19,,329000.0
2005-03-26,,342000.0
2005-04-01,96.6532,
2005-04-02,,335000.0
2005-04-09,,323000.0
2005-04-16,,307000.0
2005-04-23,,317000.0
2005-04-30,,334000.0
2005-05-01,96.7402,
2005-05-07,,327000.0
2005-05-14,,321000.0
2005-05-21,,320000.0
2005-05-28,,340000.0
2005-06-01,97.1753,
2005-06-04,,338000.0
2005-06-11,,333000.0
2005-06-18,,321000.0
2005-06-25,,311000.0
2005-07-01,96.8676,
2005-07-02,,327000.0
2005-07-09,,338000.0
2005-07-16,,323000.0
2005-07-23,,318000.0
2005-07-30,,316000.0
2005-08-01,97.1833,
2005-08-06,,311000.0
2005-08-13,,319000.0
2005-08-20,,315000.0
2005-08-27,,318000.0
2005-09-01,95.3005,
2005-09-03,,326000.0
2005-09-10,,422000.0
2005-09-17,,424000.0
2005-09-24,,359000.0
2005-10-01,96.4572,384000.0
2005-10-08,,383000.0
2005-10-15,,348000.0
2005-10-22,,324000.0
2005-10-29,,322000.0
2005-11-01,97.5414,
2005-11-05,,325000.0
2005-11-12,,309000.0
2005-11-19,,324000.0
2005-11-26,,311000.0
2005-12-01,98.0452,
2005-12-03,,321000.0
2005-12-10,,327000.0
2005-12-17,,312000.0
2005-12-24,,320000.0
2005-12-31,,302000.0
2006-01-01,98.1999,
2006-01-07,,326000.0
2006-01-14,,285000.0
2006-01-21,,290000.0
2006-01-28,,282000.0
2006-02-01,98.2413,
2006-02-04,,289000.0
2006-02-11,,298000.0
2006-02-18,,283000.0
2006-02-25,,293000.0
2006-03-01,98.4628,
2006-03-04,,302000.0
2006-03-11,,307000.0
2006-03-18,,303000.0
2006-03-25,,295000.0
2006-04-01,98.7618,291000.0
2006-04-08,,299000.0
2006-04-15,,299000.0
2006-04-22,,308000.0
2006-04-29,,321000.0
2006-05-01,98.7869,
2006-05-06,,347000.0
2006-05-13,,335000.0
2006-05-20,,319000.0
2006-05-27,,330000.0
2006-06-01,99.0997,
2006-06-03,,307000.0
2006-06-10,,298000.0
2006-06-17,,308000.0
2006-06-24,,309000.0
2006-07-01,99.0489,316000.0
2006-07-08,,343000.0
2006-07-15,,318000.0
2006-07-22,,306000.0
2006-07-29,,311000.0
2006-08-01,99.4836,
2006-08-05,,318000.0
2006-08-12,,310000.0
2006-08-19,,315000.0
2006-08-26,,314000.0
2006-09-01,99.3183,
2006-09-02,,315000.0
2006-09-09,,314000.0
2006-09-16,,324000.0
2006-09-23,,319000.0
2006-09-30,,309000.0
2006-10-01,99.2044,
2006-10-07,,316000.0
2006-10-14,,305000.0
2006-10-21,,313000.0
2006-10-28,,328000.0
2006-11-01,99.1627,
2006-11-04,,319000.0
2006-11-11,,311000.0
2006-11-18,,326000.0
2006-11-25,,349000.0
2006-12-01,100.1735,
2006-12-02,,327000.0
2006-12-09,,311000.0
2006-12-16,,318000.0
2006-12-23,,323000.0
2006-12-30,,341000.0
2007-01-01,99.8346,
2007-01-06,,330000.0
2007-01-13,,296000.0
2007-01-20,,335000.0
2007-01-27,,308000.0
2007-02-01,100.7753,
2007-02-03,,310000.0
2007-02-10,,338000.0
2007-02-17,,321000.0
2007-02-24,,322000.0
2007-03-01,100.9547,
2007-03-03,,320000.0
2007-03-10,,308000.0
2007-03-17,,309000.0
2007-03-24,,303000.0
2007-03-31,,307000.0
2007-04-01,101.6334,
2007-04-07,,332000.0
2007-04-14,,327000.0
2007-04-21,,321000.0
2007-04-28,,301000.0
2007-05-01,101.7306,
2007-05-05,,300000.0
2007-05-12,,297000.0
2007-05-19,,310000.0
2007-05-26,,310000.0
2007-06-01,101.7893,
2007-06-02,,313000.0
2007-06-09,,313000.0
2007-06-16,,320000.0
2007-06-23,,313000.0
2007-06-30,,317000.0
2007-07-01,101.6672,
2007-07-07,,321000.0
2007-07-14,,317000.0
2007-07-21,,310000.0
2007-07-28,,305000.0
2007-08-01,101.863,
2007-08-04,,314000.0
2007-08-11,,316000.0
2007-08-18,,321000.0
2007-08-25,,329000.0
2007-09-01,102.0894,314000.0
2007-09-08,,321000.0
2007-09-15,,313000.0
2007-09-22,,302000.0
2007-09-29,,317000.0
2007-10-01,101.8015,
2007-10-06,,316000.0
2007-10-13,,335000.0
2007-10-20,,334000.0
2007-10-27,,328000.0
2007-11-01,102.3446,
2007-11-03,,327000.0
2007-11-10,,333000.0
2007-11-17,,332000.0
2007-11-24,,352000.0
2007-12-01,102.3803,344000.0
2007-12-08,,332000.0
2007-12-15,,350000.0
2007-12-22,,355000.0
2007-12-29,,360000.0
2008-01-01,102.2448,
2008-01-05,,346000.0
2008-01-12,,322000.0
2008-01-19,,321000.0
2008-01-26,,366000.0
2008-02-01,101.8438,
2008-02-02,,350000.0
2008-02-09,,344000.0
2008-02-16,,339000.0
2008-02-23,,354000.0
2008-03-01,101.5336,345000.0
2008-03-08,,348000.0
2008-03-15,,369000.0
2008-03-22,,368000.0
2008-03-29,,387000.0
2008-04-01,100.8785,
2008-04-05,,354000.0
2008-04-12,,365000.0
2008-04-19,,349000.0
2008-04-26,,370000.0
2008-05-01,100.2674,
2008-05-03,,370000.0
2008-05-10,,366000.0
2008-05-17,,367000.0
2008-05-24,,369000.0
2008-05-31,,362000.0
2008-06-01,100.0335,
2008-06-07,,382000.0
2008-06-14,,378000.0
2008-06-21,,381000.0
2008-06-28,,392000.0
2008-07-01,99.676,
2008-07-05,,371000.0
2008-07-12,,385000.0
2008-07-19,,402000.0
2008-07-26,,434000.0
2008-08-01,98.1111,
2008-08-02,,448000.0
2008-08-09,,430000.0
2008-08-16,,424000.0
2008-08-23,,421000.0
2008-08-30,,442000.0
2008-09-01,93.7895,
2008-09-06,,441000.0
2008-09-13,,449000.0
2008-09-20,,483000.0
2008-09-27,,483000.0
2008-10-01,94.7219,
2008-10-04,,482000.0
2008-10-11,,461000.0
2008-10-18,,478000.0
2008-10-25,,480000.0
2008-11-01,93.4715,490000.0
2008-11-08,,512000.0
2008-11-15,,536000.0
2008-11-22,,532000.0
2008-11-29,,529000.0
2008-12-01,90.8357,
2008-12-06,,570000.0
2008-12-13,,566000.0
2008-12-20,,587000.0
2008-12-27,,533000.0
2009-01-01,88.57,
2009-01-03,,503000.0
2009-01-10,,551000.0
2009-01-17,,591000.0
2009-01-24,,586000.0
2009-01-31,,629000.0
2009-02-01,88.031,
2009-02-07,,637000.0
2009-02-14,,632000.0
2009-02-21,,655000.0
2009-02-28,,652000.0
2009-03-01,86.6528,
2009-03-07,,660000.0
2009-03-14,,651000.0
2009-03-21,,661000.0
2009-03-28,,665000.0
2009-04-01,85.9344,
2009-04-04,,653000.0
2009-04-11,,599000.0
2009-04-18,,639000.0
2009-04-25,,620000.0
2009-05-01,85.0665,
2009-05-02,,602000.0
2009-05-09,,625000.0
2009-05-16,,620000.0
2009-05-23,,606000.0
2009-05-30,,607000.0
2009-06-01,84.7459,
2009-06-06,,596000.0
2009-06-13,,595000.0
2009-06-20,,608000.0
2009-06-27,,594000.0
2009-07-01,85.7027,
2009-07-04,,573000.0
2009-07-11,,546000.0
2009-07-18,,560000.0
2009-07-25,,587000.0
2009-08-01,86.6426,555000.0
2009-08-08,,555000.0
2009-08-15,,562000.0
2009-08-22,,560000.0
2009-08-29,,564000.0
2009-09-01,87.4063,
2009-09-05,,558000.0
2009-09-12,,542000.0
2009-09-19,,536000.0
2009-09-26,,554000.0
2009-10-01,87.6419,
2009-10-03,,533000.0
2009-10-10,,511000.0
2009-10-17,,531000.0
2009-10-24,,530000.0
2009-10-31,,522000.0
2009-11-01,88.0221,
2009-11-07,,512000.0
2009-11-14,,507000.0
2009-11-21,,482000.0
2009-11-28,,475000.0
2009-12-01,88.3793,
2009-12-05,,497000.0
2009-12-12,,498000.0
2009-12-19,,479000.0
2009-12-26,,468000.0
2010-01-01,89.3426,
2010-01-02,,456000.0
2010-01-09,,469000.0
2010-01-16,,507000.0
2010-01-23,,471000.0
2010-01-30,,496000.0
2010-02-01,89.6779,
2010-02-06,,466000.0
2010-02-13,,489000.0
2010-02-20,,500000.0
2010-02-27,,488000.0
2010-03-01,90.2928,
2010-03-06,,472000.0
2010-03-13,,478000.0
2010-03-20,,472000.0
2010-03-27,,459000.0
2010-04-01,90.5991,
2010-04-03,,479000.0
2010-04-10,,479000.0
2010-04-17,,469000.0
2010-04-24,,449000.0
2010-05-01,91.823,451000.0
2010-05-08,,451000.0
2010-05-15,,474000.0
2010-05-22,,463000.0
2010-05-29,,458000.0
2010-06-01,91.9928,
2010-06-05,,459000.0
2010-06-12,,467000.0
2010-06-19,,452000.0
2010-06-26,,464000.0
2010-07-01,92.3421,
2010-07-03,,454000.0
2010-07-10,,439000.0
2010-07-17,,462000.0
2010-07-24,,465000.0
2010-07-31,,476000.0
2010-08-01,92.6805,
2010-08-07,,483000.0
2010-08-14,,486000.0
2010-08-21,,464000.0
2010-08-28,,467000.0
2010-09-01,92.9537,
2010-09-04,,452000.0
2010-09-11,,444000.0
2010-09-18,,459000.0
2010-09-25,,459000.0
2010-10-01,92.6903,
2010-10-02,,446000.0
2010-10-09,,459000.0
2010-10-16,,444000.0
2010-10-23,,432000.0
2010-10-30,,453000.0
2010-11-01,92.7709,
2010-11-06,,434000.0
2010-11-13,,432000.0
2010-11-20,,407000.0
2010-11-27,,432000.0
2010-12-01,93.6787,
2010-12-04,,428000.0
2010-12-11,,425000.0
2010-12-18,,424000.0
2010-12-25,,404000.0
2011-01-01,93.4814,413000.0
2011-01-08,,434000.0
2011-01-15,,421000.0
2011-01-22,,446000.0
2011-01-29,,420000.0
2011-02-01,93.1102,
2011-02-05,,402000.0
2011-02-12,,425000.0
2011-02-19,,394000.0
2011-02-26,,385000.0
2011-03-01,94.0788,
2011-03-05,,414000.0
2011-03-12,,404000.0
2011-03-19,,407000.0
2011-03-26,,399000.0
2011-04-01,93.7749,
2011-04-02,,395000.0
2011-04-09,,416000.0
2011-04-16,,402000.0
2011-04-23,,422000.0
2011-04-30,,468000.0
2011-05-01,93.888,
2011-05-07,,435000.0
2011-05-14,,414000.0
2011-05-21,,423000.0
2011-05-28,,418000.0
2011-06-01,94.172,
2011-06-04,,423000.0
2011-06-11,,413000.0
2011-06-18,,416000.0
2011-06-25,,421000.0
2011-07-01,94.636,
2011-07-02,,418000.0
2011-07-09,,408000.0
2011-07-16,,420000.0
2011-07-23,,411000.0
2011-07-30,,406000.0
2011-08-01,95.2749,
2011-08-06,,405000.0
2011-08-13,,409000.0
2011-08-20,,415000.0
2011-08-27,,409000.0
2011-09-01,95.1961,
2011-09-03,,414000.0
2011-09-10,,429000.0
2011-09-17,,422000.0
2011-09-24,,406000.0
2011-10-01,95.8568,405000.0
2011-10-08,,410000.0
2011-10-15,,395000.0
2011-10-22,,403000.0
2011-10-29,,399000.0
2011-11-01,95.8485,
2011-11-05,,392000.0
2011-11-12,,383000.0
2011-11-19,,385000.0
2011-11-26,,397000.0
2011-12-01,96.3571,
2011-12-03,,387000.0
2011-12-10,,368000.0
2011-12-17,,368000.0
2011-12-24,,386000.0
2011-12-31,,376000.0
2012-01-01,96.9318,
2012-01-07,,391000.0
2012-01-14,,367000.0
2012-01-21,,381000.0
2012-01-28,,372000.0
2012-02-01,97.2435,
2012-02-04,,368000.0
2012-02-11,,361000.0
2012-02-18,,359000.0
2012-02-25,,365000.0
2012-03-01,96.74,
2012-03-03,,375000.0
2012-03-10,,369000.0
2012-03-17,,368000.0
2012-03-24,,363000.0
2012-03-31,,358000.0
2012-04-01,97.4359,
2012-04-07,,387000.0
2012-04-14,,381000.0
2012-04-21,,387000.0
2012-04-28,,372000.0
2012-05-01,97.6609,
2012-05-05,,373000.0
2012-05-12,,369000.0
2012-05-19,,371000.0
2012-05-26,,381000.0
2012-06-01,97.6663,
2012-06-02,,377000.0
2012-06-09,,383000.0
2012-06-16,,384000.0
2012-06-23,,380000.0
2012-06-30,,372000.0
2012-07-01,97.8713,
2012-07-07,,360000.0
2012-07-14,,390000.0
2012-07-21,,368000.0
2012-07-28,,372000.0
2012-08-01,97.4525,
2012-08-04,,371000.0
2012-08-11,,369000.0
2012-08-18,,376000.0
2012-08-25,,377000.0
2012-09-01,97.381,371000.0
2012-09-08,,393000.0
2012-09-15,,392000.0
2012-09-22,,377000.0
2012-09-29,,376000.0
2012-10-01,97.7193,
2012-10-06,,350000.0
2012-10-13,,386000.0
2012-10-20,,374000.0
2012-10-27,,364000.0
2012-11-01,98.0777,
2012-11-03,,365000.0
2012-11-10,,446000.0
2012-11-17,,406000.0
2012-11-24,,388000.0
2012-12-01,98.3101,375000.0
2012-12-08,,340000.0
2012-12-15,,356000.0
2012-12-22,,362000.0
2012-12-29,,362000.0
2013-01-01,98.3342,
2013-01-05,,363000.0
2013-01-12,,344000.0
2013-01-19,,339000.0
2013-01-26,,366000.0
2013-02-01,98.7941,
2013-02-02,,361000.0
2013-02-09,,347000.0
2013-02-16,,362000.0
2013-02-23,,342000.0
2013-03-01,99.1921,
2013-03-02,,340000.0
2013-03-09,,343000.0
2013-03-16,,343000.0
2013-03-23,,358000.0
2013-03-30,,375000.0
2013-04-01,99.1065,
2013-04-06,,359000.0
2013-04-13,,356000.0
2013-04-20,,343000.0
2013-04-27,,331000.0
2013-05-01,99.1839,
2013-05-04,,335000.0
2013-05-11,,360000.0
2013-05-18,,343000.0
2013-05-25,,353000.0
2013-06-01,99.3897,346000.0
2013-06-08,,337000.0
2013-06-15,,353000.0
2013-06-22,,347000.0
2013-06-29,,340000.0
2013-07-01,99.0814,
2013-07-06,,351000.0
2013-07-13,,344000.0
2013-07-20,,355000.0
2013-07-27,,334000.0
2013-08-01,99.6543,
2013-08-03,,339000.0
2013-08-10,,327000.0
2013-08-17,,340000.0
2013-08-24,,336000.0
2013-08-31,,325000.0
2013-09-01,100.161,
2013-09-07,,300000.0
2013-09-14,,323000.0
2013-09-21,,314000.0
2013-09-28,,319000.0
2013-10-01,100.082,
2013-10-05,,368000.0
2013-10-12,,368000.0
2013-10-19,,351000.0
2013-10-26,,347000.0
2013-11-01,100.3158,
2013-11-02,,342000.0
2013-11-09,,340000.0
2013-11-16,,331000.0
2013-11-23,,316000.0
2013-11-30,,312000.0
2013-12-01,100.5175,
2013-12-07,,354000.0
2013-12-14,,364000.0
2013-12-21,,334000.0
2013-12-28,,332000.0
2014-01-01,100.1599,
2014-01-04,,322000.0
2014-01-11,,318000.0
2014-01-18,,327000.0
2014-01-25,,340000.0
2014-02-01,100.9168,331000.0
2014-02-08,,337000.0
2014-02-15,,332000.0
2014-02-22,,341000.0
2014-03-01,101.8942,319000.0
2014-03-08,,322000.0
2014-03-15,,321000.0
2014-03-22,,313000.0
2014-03-29,,330000.0
2014-04-01,101.9928,
2014-04-05,,311000.0
2014-04-12,,308000.0
2014-04-19,,327000.0
2014-04-26,,345000.0
2014-05-01,102.3836,
2014-05-03,,325000.0
2014-05-10,,303000.0
2014-05-17,,324000.0
2014-05-24,,305000.0
2014-05-31,,312000.0
2014-06-01,102.735,
2014-06-07,,317000.0
2014-06-14,,314000.0
2014-06-21,,315000.0
2014-06-28,,308000.0
2014-07-01,102.9632,
2014-07-05,,302000.0
2014-07-12,,308000.0
2014-07-19,,294000.0
2014-07-26,,303000.0
2014-08-01,102.7688,
2014-08-02,,295000.0
2014-08-09,,309000.0
2014-08-16,,303000.0
2014-08-23,,300000.0
2014-08-30,,303000.0
2014-09-01,103.0641,
2014-09-06,,307000.0
2014-09-13,,288000.0
2014-09-20,,295000.0
2014-09-27,,290000.0
2014-10-01,103.0764,
2014-10-04,,293000.0
2014-10-11,,281000.0
2014-10-18,,290000.0
2014-10-25,,291000.0
2014-11-01,103.7126,280000.0
2014-11-08,,291000.0
2014-11-15,,293000.0
2014-11-22,,303000.0
2014-11-29,,291000.0
2014-12-01,103.7044,
2014-12-06,,291000.0
2014-12-13,,286000.0
2014-12-20,,276000.0
2014-12-27,,285000.0
2015-01-01,102.8905,
2015-01-03,,294000.0
2015-01-10,,304000.0
2015-01-17,,298000.0
2015-01-24,,261000.0
2015-01-31,,281000.0
2015-02-01,102.2335,
2015-02-07,,298000.0
2015-02-14,,285000.0
2015-02-21,,305000.0
2015-02-28,,317000.0
2015-03-01,101.8914,
2015-03-07,,293000.0
2015-03-14,,290000.0
2015-03-21,,284000.0
2015-03-28,,269000.0
2015-04-01,101.3355,
2015-04-04,,282000.0
2015-04-11,,298000.0
2015-04-18,,295000.0
2015-04-25,,269000.0
2015-05-01,100.8883,
2015-05-02,,267000.0
2015-05-09,,271000.0
2015-05-16,,276000.0
2015-05-23,,281000.0
2015-05-30,,275000.0
2015-06-01,100.571,
2015-06-06,,278000.0
2015-06-13,,269000.0
2015-06-20,,273000.0
2015-06-27,,275000.0
2015-07-01,101.2228,
2015-07-04,,292000.0
2015-07-11,,285000.0
2015-07-18,,265000.0
2015-07-25,,269000.0
2015-08-01,101.0367,270000.0
2015-08-08,,274000.0
2015-08-15,,279000.0
2015-08-22,,274000.0
2015-08-29,,279000.0
2015-09-01,100.7547,
2015-09-05,,273000.0
2015-09-12,,264000.0
2015-09-19,,269000.0
2015-09-26,,272000.0
2015-10-01,100.2675,
2015-10-03,,267000.0
2015-10-10,,265000.0
2015-10-17,,264000.0
2015-10-24,,264000.0
2015-10-31,,275000.0
2015-11-01,99.5298,
2015-11-07,,276000.0
2015-11-14,,272000.0
2015-11-21,,261000.0
2015-11-28,,265000.0
2015-12-01,99.0417,
2015-12-05,,280000.0
2015-12-12,,268000.0
2015-12-19,,260000.0
2015-12-26,,276000.0
2016-01-01,99.5607,
2016-01-02,,273000.0
2016-01-09,,284000.0
2016-01-16,,290000.0
2016-01-23,,269000.0
2016-01-30,,282000.0
2016-02-01,99.0445,
2016-02-06,,266000.0
2016-02-13,,262000.0
2016-02-20,,270000.0
2016-02-27,,269000.0
2016-03-01,98.3096,
2016-03-05,,255000.0
2016-03-12,,263000.0
2016-03-19,,264000.0
2016-03-26,,271000.0
2016-04-01,98.6421,
2016-04-02,,273000.0
2016-04-09,,263000.0
2016-04-16,,257000.0
2016-04-23,,259000.0
2016-04-30,,278000.0
2016-05-01,98.4184,
2016-05-07,,289000.0
2016-05-14,,279000.0
2016-05-21,,267000.0
2016-05-28,,263000.0
2016-06-01,98.8833,
2016-06-04,,265000.0
2016-06-11,,273000.0
2016-06-18,,261000.0
2016-06-25,,262000.0
2016-07-01,98.9992,
2016-07-02,,255000.0
2016-07-09,,252000.0
2016-07-16,,260000.0
2016-07-23,,264000.0
2016-07-30,,266000.0
2016-08-01,98.85,
2016-08-06,,265000.0
2016-08-13,,264000.0
2016-08-20,,264000.0
2016-08-27,,261000.0
2016-09-01,98.7457,
2016-09-03,,257000.0
2016-09-10,,252000.0
2016-09-17,,250000.0
2016-09-24,,247000.0
2016-10-01,98.7611,245000.0
2016-10-08,,250000.0
2016-10-15,,263000.0
2016-10-22,,256000.0
2016-10-29,,265000.0
2016-11-01,98.3491,
2016-11-05,,250000.0
2016-11-12,,232000.0
2016-11-19,,246000.0
2016-11-26,,255000.0
2016-12-01,99.0214,
2016-12-03,,248000.0
2016-12-10,,252000.0
2016-12-17,,260000.0
2016-12-24,,257000.0
2016-12-31,,244000.0
2017-01-01,98.7611,
2017-01-07,,245000.0
2017-01-14,,240000.0
2017-01-21,,250000.0
2017-01-28,,241000.0
2017-02-01,98.3646,
2017-02-04,,230000.0
2017-02-11,,233000.0
2017-02-18,,237000.0
2017-02-25,,221000.0
2017-03-01,99.0137,
2017-03-04,,236000.0
2017-03-11,,228000.0
2017-03-18,,235000.0
2017-03-25,,236000.0
2017-04-01,100.0224,216000.0
2017-04-08,,222000.0
2017-04-15,,231000.0
2017-04-22,,238000.0
2017-04-29,,232000.0
2017-05-01,100.1408,
2017-05-06,,233000.0
2017-05-13,,234000.0
2017-05-20,,236000.0
2017-05-27,,253000.0
2017-06-01,100.3471,
2017-06-03,,251000.0
2017-06-10,,245000.0
2017-06-17,,249000.0
2017-06-24,,247000.0
2017-07-01,100.1068,256000.0
2017-07-08,,259000.0
2017-07-15,,245000.0
2017-07-22,,249000.0
2017-07-29,,245000.0
2017-08-01,99.6925,
2017-08-05,,254000.0
2017-08-12,,245000.0
2017-08-19,,245000.0
2017-08-26,,247000.0
2017-09-01,99.7954,
2017-09-02,,297000.0
2017-09-09,,280000.0
2017-09-16,,261000.0
2017-09-23,,264000.0
2017-09-30,,260000.0
2017-10-01,101.0247,
2017-10-07,,252000.0
2017-10-14,,235000.0
2017-10-21,,241000.0
2017-10-28,,241000.0
2017-11-01,101.2664,
2017-11-04,,248000.0
2017-11-11,,254000.0
2017-11-18,,246000.0
2017-11-25,,243000.0
2017-12-01,101.4644,
2017-12-02,,241000.0
2017-12-09,,229000.0
2017-12-16,,244000.0
2017-12-23,,251000.0
2017-12-30,,248000.0
2018-01-01,101.4625,
2018-01-06,,252000.0
2018-01-13,,230000.0
2018-01-20,,231000.0
2018-01-27,,228000.0
2018-02-01,101.7085,
2018-02-03,,224000.0
2018-02-10,,225000.0
2018-02-17,,219000.0
2018-02-24,,216000.0
2018-03-01,102.2067,
2018-03-03,,228000.0
2018-03-10,,223000.0
2018-03-17,,225000.0
2018-03-24,,221000.0
2018-03-31,,232000.0
2018-04-01,103.3329,
2018-04-07,,234000.0
2018-04-14,,236000.0
2018-04-21,,207000.0
2018-04-28,,209000.0
2018-05-01,102.4024,
2018-05-05,,211000.0
2018-05-12,,222000.0
2018-05-19,,230000.0
2018-05-26,,222000.0
2018-06-01,103.198,
2018-06-02,,223000.0
2018-06-09,,222000.0
2018-06-16,,218000.0
2018-06-23,,222000.0
2018-06-30,,228000.0
2018-07-01,103.3646,
2018-07-07,,216000.0
2018-07-14,,205000.0
2018-07-21,,210000.0
2018-07-28,,207000.0
2018-08-01,104.0327,
2018-08-04,,210000.0
2018-08-11,,206000.0
2018-08-18,,207000.0
2018-08-25,,211000.0
2018-09-01,104.1004,201000.0
2018-09-08,,204000.0
2018-09-15,,206000.0
2018-09-22,,205000.0
2018-09-29,,210000.0
2018-10-01,103.9856,
2018-10-06,,211000.0
2018-10-13,,208000.0
2018-10-20,,217000.0
2018-10-27,,216000.0
2018-11-01,104.0681,
2018-11-03,,218000.0
2018-11-10,,221000.0
2018-11-17,,225000.0
2018-11-24,,237000.0
2018-12-01,104.0936,232000.0
2018-12-08,,208000.0
2018-12-15,,217000.0
2018-12-22,,228000.0
2018-12-29,,238000.0
2019-01-01,103.4021,
2019-01-05,,225000.0
2019-01-12,,218000.0
2019-01-19,,214000.0
2019-01-26,,234000.0
2019-02-01,102.8371,
2019-02-02,,232000.0
2019-02-09,,226000.0
2019-02-16,,211000.0
2019-02-23,,221000.0
2019-03-01,102.8757,
2019-03-02,,216000.0
2019-03-09,,218000.0
2019-03-16,,212000.0
2019-03-23,,210000.0
2019-03-30,,203000.0
2019-04-01,102.274,
2019-04-06,,196000.0
2019-04-13,,197000.0
2019-04-20,,222000.0
2019-04-27,,224000.0
2019-05-01,102.392,
2019-05-04,,225000.0
2019-05-11,,212000.0
2019-05-18,,215000.0
2019-05-25,,222000.0
2019-06-01,102.4375,223000.0
2019-06-08,,226000.0
2019-06-15,,217000.0
2019-06-22,,234000.0
2019-06-29,,226000.0
2019-07-01,101.9408,
2019-07-06,,215000.0
2019-07-13,,211000.0
2019-07-20,,202000.0
2019-07-27,,206000.0
2019-08-01,102.639,
2019-08-03,,208000.0
2019-08-10,,212000.0
2019-08-17,,207000.0
2019-08-24,,213000.0
2019-08-31,,215000.0
2019-09-01,102.2917,
2019-09-07,,207000.0
2019-09-14,,205000.0
2019-09-21,,211000.0
2019-09-28,,215000.0
2019-10-01,101.4281,
2019-10-05,,209000.0
2019-10-12,,215000.0
2019-10-19,,210000.0
2019-10-26,,215000.0
2019-11-01,101.9372,
2019-11-02,,214000.0
2019-11-09,,227000.0
2019-11-16,,229000.0
2019-11-23,,221000.0
2019-11-30,,231000.0
2019-12-01,101.7003,
2019-12-07,,247000.0
2019-12-14,,236000.0
2019-12-21,,230000.0
2019-12-28,,231000.0
2020-01-01,101.0338,
2020-01-04,,224000.0
2020-01-11,,207000.0
2020-01-18,,221000.0
2020-01-25,,210000.0
2020-02-01,101.3735,207000.0
2020-02-08,,202000.0
2020-02-15,,209000.0
2020-02-22,,218000.0
2020-02-29,,215000.0
2020-03-01,97.4078,
2020-03-07,,208000.0
2020-03-14,,273000.0
2020-03-21,,2914000.0
2020-03-28,,5946000.0
2020-04-01,84.5619,
2020-04-04,,6137000.0
2020-04-11,,4869000.0
2020-04-18,,4201000.0
2020-04-25,,3446000.0
2020-05-01,85.9604,
2020-05-02,,2796000.0
2020-05-09,,2335000.0
