date,new_cases,new_deaths
2020-02-28,1.0,
2020-02-29,3.0,
2020-03-01,1.0,
2020-03-02,0.0,
2020-03-03,0.0,
2020-03-04,0.0,
2020-03-05,0.0,
2020-03-06,1.0,
2020-03-07,0.0,
2020-03-08,1.0,
2020-03-09,0.0,
2020-03-10,0.0,
2020-03-11,1.0,
2020-03-12,4.0,
2020-03-13,14.0,
2020-03-14,15.0,
2020-03-15,12.0,
2020-03-16,29.0,
2020-03-17,11.0,
2020-03-18,25.0,
2020-03-19,46.0,1.0
2020-03-20,39.0,1.0
2020-03-21,48.0,0.0
2020-03-22,65.0,1.0
2020-03-23,51.0,1.0
2020-03-24,38.0,1.0
2020-03-25,70.0,1.0
2020-03-26,110.0,2.0
2020-03-27,132.0,4.0
2020-03-28,131.0,4.0
2020-03-29,145.0,4.0
2020-03-30,101.0,8.0
2020-03-31,121.0,1.0
2020-04-01,163.0,8.0
2020-04-02,132.0,13.0
2020-04-03,178.0,10.0
2020-04-04,202.0,19.0
2020-04-05,253.0,15.0
2020-04-06,296.0,31.0
2020-04-07,346.0,16.0
2020-04-08,396.0,33.0
2020-04-09,260.0,20.0
2020-04-10,403.0,39.0
2020-04-11,375.0,40.0
2020-04-12,442.0,23.0
2020-04-13,353.0,36.0
2020-04-14,385.0,74.0
2020-04-15,448.0,43.0
2020-04-16,450.0,37.0
2020-04-17,578.0,60.0
2020-04-18,622.0,104.0
2020-04-19,764.0,36.0
2020-04-20,511.0,26.0
2020-04-21,729.0,145.0
2020-04-22,1043.0,113.0
2020-04-23,1089.0,99.0
2020-04-24,1239.0,152.0
2020-04-25,970.0,84.0
2020-04-26,835.0,46.0
2020-04-27,852.0,83.0
2020-04-28,1223.0,135.0
2020-04-29,1047.0,163.0
2020-04-30,1425.0,127.0
2020-05-01,1515.0,113.0
2020-05-02,1349.0,89.0
2020-05-03,1383.0,93.0
2020-05-04,1434.0,117.0
2020-05-05,1120.0,236.0
2020-05-06,1609.0,197.0
2020-05-07,1982.0,257.0
2020-05-08,1906.0,199.0
2020-05-09,1938.0,193.0
2020-05-10,1562.0,112.0
2020-05-11,1305.0,108.0
2020-05-12,1997.0,353.0
2020-05-13,1862.0,294.0
2020-05-14,2409.0,257.0
2020-05-15,2437.0,290.0
2020-05-16,2112.0,278.0
2020-05-17,2075.0,132.0
2020-05-18,2414.0,155.0
2020-05-19,2713.0,334.0
2020-05-20,2248.0,424.0
2020-05-21,2973.0,420.0
2020-05-22,2960.0,479.0
2020-05-23,3329.0,190.0
2020-05-24,2764.0,215.0
2020-05-25,2485.0,239.0
2020-05-26,3455.0,501.0
2020-05-27,3463.0,463.0
2020-05-28,3377.0,447.0
2020-05-29,3227.0,371.0
2020-05-30,2885.0,364.0
2020-05-31,3152.0,151.0
2020-06-01,2771.0,237.0
2020-06-02,3891.0,470.0
2020-06-03,3912.0,1092.0
2020-06-04,4442.0,816.0
2020-06-05,4346.0,625.0
2020-06-06,3593.0,341.0
2020-06-07,3484.0,188.0
2020-06-08,2999.0,354.0
2020-06-09,4199.0,596.0
2020-06-10,4883.0,708.0
2020-06-11,4790.0,587.0
2020-06-12,5222.0,504.0
2020-06-13,3494.0,424.0
2020-06-14,4147.0,269.0
2020-06-15,3427.0,439.0
2020-06-16,4599.0,730.0
2020-06-17,4930.0,770.0
2020-06-18,5662.0,667.0
2020-06-19,5030.0,647.0
2020-06-20,4717.0,387.0
2020-06-21,5343.0,1044.0
2020-06-22,4577.0,759.0
2020-06-23,6288.0,793.0
2020-06-24,5437.0,947.0
2020-06-25,6104.0,736.0
2020-06-26,5441.0,719.0
2020-06-27,4410.0,602.0
2020-06-28,4050.0,267.0
2020-06-29,3805.0,473.0
2020-06-30,5432.0,648.0
2020-07-01,5681.0,741.0
2020-07-02,6741.0,679.0
2020-07-03,6740.0,654.0
2020-07-04,6914.0,523.0
2020-07-05,4683.0,273.0
2020-07-06,4902.0,480.0
2020-07-07,6258.0,895.0
2020-07-08,6995.0,782.0
2020-07-09,7280.0,730.0
2020-07-10,6891.0,665.0
2020-07-11,6094.0,539.0
2020-07-12,4482.0,276.0
2020-07-13,4685.0,485.0
2020-07-14,7051.0,836.0
2020-07-15,6149.0,579.0
2020-07-16,6406.0,668.0
2020-07-17,7257.0,736.0
2020-07-18,7615.0,578.0
2020-07-19,5311.0,296.0
2020-07-20,5172.0,301.0
2020-07-21,6859.0,915.0
2020-07-22,6019.0,790.0
2020-07-23,8438.0,718.0
2020-07-24,7573.0,737.0
2020-07-25,6751.0,729.0
2020-07-26,5480.0,306.0
2020-07-27,4973.0,342.0
2020-07-28,7208.0,854.0
2020-07-29,5752.0,485.0
2020-07-30,7730.0,639.0
2020-07-31,8458.0,688.0
2020-08-01,9556.0,784.0
2020-08-02,4853.0,274.0
2020-08-03,4767.0,266.0
2020-08-04,6148.0,857.0
2020-08-05,6139.0,829.0
2020-08-06,6590.0,819.0
2020-08-07,6717.0,794.0
2020-08-08,6495.0,695.0
2020-08-09,4376.0,292.0
2020-08-10,5558.0,705.0
2020-08-11,6686.0,926.0
2020-08-12,5858.0,737.0
2020-08-13,7371.0,627.0
2020-08-14,5618.0,615.0
2020-08-15,6345.0,635.0
2020-08-16,4448.0,214.0
2020-08-17,3571.0,266.0
2020-08-18,5506.0,751.0
2020-08-19,5792.0,707.0
2020-08-20,6775.0,625.0
2020-08-21,5928.0,504.0
2020-08-22,6482.0,644.0
2020-08-23,3948.0,226.0
2020-08-24,3541.0,320.0
2020-08-25,4916.0,650.0
2020-08-26,5267.0,626.0
2020-08-27,6026.0,518.0
2020-08-28,5824.0,552.0
2020-08-29,5974.0,673.0
2020-08-30,4129.0,339.0
2020-08-31,3719.0,256.0
2020-09-01,6476.0,827.0
2020-09-02,4921.0,575.0
2020-09-03,5937.0,513.0
2020-09-04,6196.0,522.0
2020-09-05,6319.0,475.0
2020-09-06,4614.0,232.0
2020-09-07,3486.0,223.0
2020-09-08,5351.0,703.0
2020-09-09,4461.0,565.0
2020-09-10,5043.0,600.0
2020-09-11,5935.0,534.0
2020-09-12,5674.0,421.0
2020-09-13,4408.0,217.0
2020-09-14,3335.0,228.0
2020-09-15,4771.0,629.0
2020-09-16,4444.0,300.0
2020-09-17,3182.0,201.0
2020-09-18,4841.0,624.0
2020-09-19,5167.0,455.0
2020-09-20,3542.0,235.0
2020-09-21,2917.0,204.0
2020-09-22,4683.0,651.0
2020-09-23,4786.0,601.0
2020-09-24,5408.0,490.0
2020-09-25,5401.0,405.0
2020-09-26,5573.0,399.0
2020-09-27,3886.0,187.0
2020-09-28,3400.0,173.0
2020-09-29,4446.0,560.0
2020-09-30,5053.0,483.0
2020-10-01,5099.0,432.0
2020-10-02,4775.0,414.0
2020-10-03,4863.0,388.0
2020-10-04,3712.0,208.0
2020-10-05,28115.0,
2020-10-06,4828.0,471.0
2020-10-07,4580.0,378.0
2020-10-08,5300.0,370.0
2020-10-09,5532.0,401.0
2020-10-10,4308.0,145.0
2020-10-11,3175.0,139.0
2020-10-12,3542.0,164.0
2020-10-13,4295.0,475.0
2020-10-14,4056.0,478.0
2020-10-15,5514.0,387.0
2020-10-16,6751.0,419.0
2020-10-17,5447.0,355.0
2020-10-18,4119.0,108.0
2020-10-19,3699.0,171.0
2020-10-20,5788.0,555.0
2020-10-21,6845.0,522.0
2020-10-22,6612.0,0.0
2020-10-23,6604.0,897.0
2020-10-24,6025.0,431.0
2020-10-25,4360.0,181.0
2020-10-26,4166.0,247.0
2020-10-27,5942.0,643.0
2020-10-28,5595.0,495.0
2020-10-29,5948.0,464.0
2020-10-30,6000.0,516.0
2020-10-31,6151.0,464.0
2020-11-01,4430.0,142.0
2020-11-02,3763.0,205.0
2020-11-03,5250.0,493.0
2020-11-04,5225.0,635.0
2020-11-05,5567.0,544.0
2020-11-06,5931.0,551.0
2020-11-07,6810.0,485.0
2020-11-08,5887.0,219.0
2020-11-09,4960.0,198.0
2020-11-10,5746.0,617.0
2020-11-11,7646.0,588.0
2020-11-12,5658.0,626.0
2020-11-13,5558.0,568.0
2020-11-14,5860.0,635.0
2020-11-15,3269.0,283.0
2020-11-16,2874.0,319.0
2020-11-17,1757.0,165.0
2020-11-18,3918.0,502.0
2020-11-19,4472.0,576.0
2020-11-20,6426.0,719.0
2020-11-21,6719.0,550.0
2020-11-22,9187.0,303.0
2020-11-23,7483.0,250.0
2020-11-24,10794.0,813.0
2020-11-25,10335.0,858.0
2020-11-26,8107.0,645.0
2020-11-27,12081.0,631.0
2020-11-28,10728.0,586.0
2020-11-29,5668.0,196.0
2020-11-30,6472.0,285.0
2020-12-01,8819.0,825.0
2020-12-02,11251.0,800.0
2020-12-03,11030.0,608.0
2020-12-04,12127.0,690.0
2020-12-05,11625.0,593.0
2020-12-06,7455.0,261.0
2020-12-07,6399.0,357.0
2020-12-08,11006.0,800.0
2020-12-09,11974.0,781.0
2020-12-10,11897.0,671.0
2020-12-11,12253.0,693.0
2020-12-12,12057.0,685.0
2020-12-13,8608.0,249.0
2020-12-14,5930.0,345.0
2020-12-15,11228.0,801.0
2020-12-16,10297.0,670.0
2020-12-17,11799.0,718.0
2020-12-18,12248.0,762.0
2020-12-19,12129.0,627.0
2020-12-20,6870.0,326.0
2020-12-21,5370.0,396.0
2020-12-22,12511.0,897.0
2020-12-23,11653.0,816.0
2020-12-24,12485.0,861.0
2020-12-25,9679.0,665.0
2020-12-26,4974.0,189.0
2020-12-27,6217.0,400.0
2020-12-28,5996.0,429.0
2020-12-29,12099.0,990.0
2020-12-30,12406.0,1052.0
2020-12-31,12159.0,910.0
2021-01-01,11091.0,700.0
2021-01-02,6359.0,344.0
2021-01-03,5211.0,362.0
2021-01-04,6464.0,544.0
2021-01-05,11271.0,1065.0
2021-01-06,13345.0,1165.0
2021-01-07,13734.0,1044.0
2021-01-08,14362.0,1038.0
2021-01-09,16105.0,1135.0
2021-01-10,10003.0,502.0
2021-01-11,7594.0,662.0
2021-01-12,14395.0,1314.0
2021-01-13,15873.0,1235.0
2021-01-14,16468.0,999.0
2021-01-15,21366.0,1106.0
2021-01-16,20523.0,1219.0
2021-01-17,11170.0,463.0
2021-01-18,8074.0,544.0
2021-01-19,18894.0,1584.0
2021-01-20,20548.0,1539.0
2021-01-21,22339.0,1803.0
2021-01-22,21007.0,1440.0
2021-01-23,20057.0,1470.0
2021-01-24,10872.0,530.0
2021-01-25,8521.0,659.0
2021-01-26,17165.0,1743.0
2021-01-27,17944.0,1623.0
2021-01-28,18670.0,1506.0
2021-01-29,16374.0,1434.0
2021-01-30,15337.0,1495.0
2021-01-31,7030.0,462.0
2021-02-01,5448.0,564.0
2021-02-02,4384.0,433.0
2021-02-03,12153.0,1707.0
2021-02-04,0.0,0.0
2021-02-05,26626.0,3050.0
2021-02-06,13209.0,1496.0
2021-02-07,6065.0,414.0
2021-02-08,3868.0,531.0
2021-02-09,10738.0,1701.0
2021-02-10,11138.0,1328.0
2021-02-11,10677.0,1474.0
2021-02-12,10388.0,1323.0
2021-02-13,9741.0,1214.0
2021-02-14,4099.0,436.0
2021-02-15,3098.0,450.0
2021-02-16,8683.0,1329.0
2021-02-17,8988.0,1075.0
2021-02-18,9099.0,1047.0
2021-02-19,7829.0,857.0
2021-02-20,7785.0,832.0
2021-02-21,3104.0,310.0
2021-02-22,2252.0,429.0
2021-02-23,8634.0,1273.0
2021-02-24,8642.0,1006.0
2021-02-25,8462.0,877.0
2021-02-26,7512.0,782.0
2021-02-27,7246.0,783.0
2021-02-28,2810.0,458.0
2021-03-01,2343.0,437.0
2021-03-02,7913.0,1035.0
2021-03-03,7793.0,857.0
2021-03-04,7521.0,822.0
2021-03-05,6797.0,712.0
2021-03-06,6561.0,779.0
2021-03-07,2734.0,247.0
2021-03-08,1877.0,319.0
2021-03-09,7407.0,866.0
2021-03-10,6602.0,702.0
2021-03-11,6469.0,661.0
2021-03-12,6816.0,699.0
2021-03-13,6104.0,639.0
2021-03-14,2415.0,220.0
2021-03-15,1439.0,234.0
2021-03-16,1278.0,175.0
2021-03-17,6455.0,789.0
2021-03-18,6726.0,698.0
2021-03-19,5722.0,613.0
2021-03-20,5729.0,608.0
2021-03-21,2133.0,209.0
2021-03-22,1388.0,203.0
2021-03-23,5881.0,809.0
2021-03-24,5714.0,579.0
2021-03-25,5787.0,584.0
2021-03-26,5303.0,651.0
2021-03-27,5059.0,567.0
2021-03-28,1646.0,194.0
2021-03-29,1293.0,209.0
2021-03-30,5067.0,801.0
2021-03-31,5977.0,577.0
2021-04-01,5381.0,454.0
2021-04-02,3089.0,190.0
2021-04-03,1838.0,157.0
2021-04-04,1263.0,136.0
2021-04-05,1247.0,252.0
2021-04-06,4804.0,586.0
2021-04-07,5370.0,613.0
2021-04-08,5140.0,548.0
2021-04-09,5045.0,874.0
2021-04-10,6356.0,2192.0
2021-04-11,1793.0,126.0
2021-04-12,1627.0,364.0
2021-04-13,4512.0,580.0
2021-04-14,4894.0,530.0
2021-04-15,4189.0,401.0
2021-04-16,4504.0,480.0
2021-04-17,4157.0,535.0
2021-04-18,1506.0,111.0
2021-04-19,1308.0,127.0
2021-04-20,4262.0,582.0
2021-04-21,4639.0,549.0
2021-04-22,3708.0,498.0
2021-04-23,3911.0,409.0
2021-04-24,3308.0,349.0
2021-04-25,1653.0,94.0
2021-04-26,1143.0,166.0
2021-04-27,3592.0,434.0
2021-04-28,3818.0,371.0
2021-04-29,3990.0,529.0
2021-04-30,3821.0,460.0
2021-05-01,3025.0,261.0
2021-05-02,1093.0,65.0
2021-05-03,1027.0,112.0
2021-05-04,3064.0,395.0
2021-05-05,3021.0,267.0
2021-05-06,2846.0,166.0
2021-05-07,3043.0,484.0
2021-05-08,2743.0,271.0
2021-05-09,1175.0,57.0
2021-05-10,704.0,104.0
2021-05-11,1897.0,234.0
2021-05-12,3090.0,267.0
2021-05-13,3632.0,311.0
2021-05-14,2880.0,258.0
2021-05-15,2695.0,225.0
2021-05-16,1233.0,53.0
2021-05-17,822.0,56.0
2021-05-18,2767.0,253.0
2021-05-19,2000.0,104.0
2021-05-20,2628.0,230.0
2021-05-21,2604.0,176.0
2021-05-22,2586.0,341.0
2021-05-23,1274.0,50.0
2021-05-24,703.0,48.0
2021-05-25,2483.0,265.0
2021-05-26,2932.0,272.0
2021-05-27,3050.0,429.0
2021-05-28,3006.0,411.0
2021-05-29,2725.0,383.0
2021-05-30,1307.0,52.0
2021-05-31,932.0,61.0
2021-06-01,6917.0,
2021-06-02,3269.0,306.0
2021-06-03,2894.0,216.0
2021-06-04,2809.0,206.0
2021-06-05,2071.0,190.0
2021-06-06,1979.0,46.0
2021-06-07,881.0,34.0
2021-06-08,3449.0,262.0
2021-06-09,3855.0,253.0
2021-06-10,3672.0,227.0
2021-06-11,3282.0,243.0
2021-06-12,3649.0,274.0
2021-06-13,1707.0,53.0
2021-06-14,1175.0,37.0
2021-06-15,4250.0,241.0
2021-06-16,3789.0,196.0
2021-06-17,4253.0,168.0
2021-06-18,4098.0,167.0
2021-06-19,0.0,0.0
2021-06-20,5542.0,228.0
2021-06-21,1268.0,57.0
2021-06-22,4233.0,261.0
2021-06-23,4963.0,342.0
2021-06-24,5340.0,221.0
2021-06-25,5270.0,278.0
2021-06-26,5051.0,175.0
2021-06-27,2384.0,43.0
2021-06-28,1661.0,44.0
2021-06-29,5711.0,195.0
2021-06-30,6105.0,244.0
2021-07-01,6081.0,201.0
2021-07-02,5842.0,180.0
2021-07-03,6265.0,152.0
2021-07-04,2611.0,42.0
2021-07-05,1805.0,67.0
2021-07-06,7989.0,269.0
2021-07-07,8507.0,234.0
2021-07-08,9452.0,266.0
2021-07-09,9319.0,217.0
2021-07-10,9581.0,232.0
2021-07-11,3779.0,62.0
2021-07-12,3074.0,89.0
2021-07-13,11137.0,219.0
2021-07-14,12116.0,230.0
2021-07-15,12821.0,233.0
2021-07-16,12420.0,275.0
2021-07-17,12631.0,225.0
2021-07-18,4438.0,91.0
2021-07-19,5307.0,138.0
2021-07-20,13853.0,341.0
2021-07-21,15198.0,397.0
2021-07-22,16244.0,419.0
2021-07-23,0.0,0.0
2021-07-24,32244.0,690.0
2021-07-25,6535.0,108.0
2021-07-26,5920.0,171.0
2021-07-27,17408.0,484.0
2021-07-28,19028.0,537.0
2021-07-29,19223.0,381.0
2021-07-30,19346.0,459.0
2021-07-31,18809.0,450.0
2021-08-01,6740.0,128.0
2021-08-02,6506.0,245.0
2021-08-03,18911.0,657.0
2021-08-04,20685.0,611.0
2021-08-05,21569.0,618.0
2021-08-06,21563.0,568.0
2021-08-07,20018.0,515.0
2021-08-08,7573.0,172.0
2021-08-09,6513.0,270.0
2021-08-10,19555.0,786.0
2021-08-11,22711.0,727.0
2021-08-12,24975.0,608.0
2021-08-13,22758.0,603.0
2021-08-14,23642.0,753.0
2021-08-15,0.0,0.0
2021-08-16,16467.0,485.0
2021-08-17,14814.0,877.0
2021-08-18,28953.0,940.0
2021-08-19,23169.0,836.0
2021-08-20,21734.0,775.0
2021-08-21,20307.0,847.0
2021-08-22,7658.0,228.0
2021-08-23,6543.0,371.0
2021-08-24,18262.0,940.0
2021-08-25,21250.0,986.0
2021-08-26,20633.0,835.0
2021-08-27,19556.0,863.0
2021-08-28,17546.0,756.0
2021-08-29,6837.0,259.0
2021-08-30,5564.0,326.0
2021-08-31,11146.0,835.0
2021-09-01,17337.0,1177.0
2021-09-02,18138.0,993.0
2021-09-03,17409.0,725.0
2021-09-04,15586.0,647.0
2021-09-05,7504.0,272.0
2021-09-06,5127.0,330.0
2021-09-07,15784.0,1071.0
2021-09-08,15876.0,879.0
2021-09-09,14828.0,730.0
2021-09-10,0.0,0.0
2021-09-11,26744.0,1374.0
2021-09-12,5139.0,224.0
2021-09-13,4161.0,221.0
2021-09-14,12929.0,1047.0
2021-09-15,13217.0,897.0
2021-09-16,7040.0,435.0
2021-09-17,3754.0,190.0
2021-09-18,0.0,0.0
2021-09-19,16694.0,965.0
2021-09-20,3367.0,262.0
2021-09-21,12521.0,815.0
2021-09-22,11603.0,811.0
2021-09-23,11808.0,748.0
2021-09-24,10139.0,564.0
2021-09-25,0.0,0.0
2021-09-26,13685.0,747.0
2021-09-27,3007.0,226.0
2021-09-28,9792.0,700.0
2021-09-29,9796.0,597.0
2021-09-30,8828.0,534.0
2021-10-01,7388.0,471.0
2021-10-02,7369.0,614.0
2021-10-03,0.0,0.0
2021-10-04,5262.0,514.0
2021-10-05,0.0,0.0
2021-10-06,7682.0,790.0
2021-10-07,15310.0,1225.0
2021-10-08,7158.0,489.0
2021-10-09,0.0,0.0
2021-10-10,8843.0,476.0
2021-10-11,2007.0,141.0
2021-10-12,7187.0,546.0
2021-10-13,6320.0,420.0
2021-10-14,5825.0,381.0
2021-10-15,5286.0,434.0
2021-10-16,5203.0,313.0
2021-10-17,1993.0,60.0
2021-10-18,1413.0,96.0
2021-10-19,4220.0,448.0
2021-10-20,5069.0,422.0
2021-10-21,4798.0,322.0
2021-10-22,4653.0,284.0
2021-10-23,4452.0,306.0
2021-10-24,0.0,0.0
2021-10-25,2787.0,237.0
2021-10-26,0.0,0.0
2021-10-27,4538.0,392.0
2021-10-28,9300.0,743.0
2021-10-29,4001.0,320.0
2021-10-30,3478.0,325.0
2021-10-31,1446.0,89.0
2021-11-01,0.0,0.0
2021-11-02,994.0,99.0
2021-11-03,3588.0,269.0
2021-11-04,2660.0,154.0
2021-11-05,3763.0,244.0
2021-11-06,7188.0,543.0
2021-11-07,1382.0,60.0
2021-11-08,0.0,0.0
2021-11-09,4473.0,376.0
2021-11-10,0.0,0.0
2021-11-11,7049.0,520.0
2021-11-12,0.0,0.0
2021-11-13,3353.0,242.0
2021-11-14,3130.0,217.0
2021-11-15,942.0,58.0
2021-11-16,775.0,57.0
2021-11-17,4571.0,369.0
2021-11-18,3915.0,356.0
2021-11-19,0.0,0.0
2021-11-20,3837.0,216.0
2021-11-21,3306.0,227.0
2021-11-22,2141.0,152.0
2021-11-23,0.0,0.0
2021-11-24,3698.0,326.0
2021-11-25,8415.0,599.0
2021-11-26,3445.0,165.0
2021-11-27,0.0,0.0
2021-11-28,2956.0,245.0
2021-11-29,1774.0,91.0
2021-11-30,0.0,0.0
2021-12-01,6652.0,478.0
2021-12-02,0.0,0.0
2021-12-03,6234.0,476.0
2021-12-04,0.0,0.0
2021-12-05,3811.0,299.0
2021-12-06,752.0,110.0
2021-12-07,0.0,0.0
2021-12-08,3304.0,289.0
2021-12-09,6395.0,586.0
2021-12-10,0.0,0.0
2021-12-11,2992.0,197.0
2021-12-12,2655.0,235.0
2021-12-13,855.0,52.0
2021-12-14,771.0,49.0
2021-12-15,5651.0,467.0
2021-12-16,2627.0,168.0
2021-12-17,0.0,0.0
2021-12-18,2750.0,212.0
2021-12-19,2530.0,267.0
2021-12-20,1557.0,81.0
2021-12-21,0.0,0.0
2021-12-22,2980.0,245.0
2021-12-23,3319.0,198.0
2021-12-24,6883.0,311.0
2021-12-25,2916.0,89.0
2021-12-26,0.0,0.0
2021-12-27,803.0,18.0
2021-12-28,943.0,42.0
2021-12-29,4426.0,125.0
2021-12-30,5290.0,188.0
2021-12-31,18061.0,296.0
2022-01-01,9193.0,97.0
2022-01-02,1671.0,19.0
2022-01-03,2877.0,37.0
2022-01-04,15184.0,130.0
2022-01-05,20626.0,131.0
2022-01-06,25821.0,128.0
2022-01-07,28023.0,131.0
2022-01-08,30671.0,202.0
2022-01-09,11599.0,31.0
2022-01-10,0.0,0.0
2022-01-11,44678.0,240.0
2022-01-12,44187.0,190.0
2022-01-13,43523.0,148.0
2022-01-14,0.0,0.0
2022-01-15,91406.0,422.0
2022-01-16,19132.0,76.0
2022-01-17,17101.0,59.0
2022-01-18,0.0,0.0
2022-01-19,109895.0,643.0
2022-01-20,0.0,0.0
2022-01-21,100279.0,609.0
2022-01-22,0.0,0.0
2022-01-23,72240.0,462.0
2022-01-24,17938.0,118.0
2022-01-25,44902.0,475.0
2022-01-26,0.0,0.0
2022-01-27,48627.0,532.0
2022-01-28,94265.0,932.0
2022-01-29,42582.0,522.0
2022-01-30,13926.0,131.0
2022-01-31,12521.0,198.0
2022-02-01,43099.0,829.0
2022-02-02,0.0,0.0
2022-02-03,42181.0,573.0
2022-02-04,78178.0,1336.0
2022-02-05,35243.0,588.0
2022-02-06,10234.0,129.0
2022-02-07,9242.0,206.0
2022-02-08,6343.0,132.0
2022-02-09,24898.0,743.0
2022-02-10,0.0,0.0
2022-02-11,34261.0,927.0
2022-02-12,57583.0,1143.0
2022-02-13,0.0,0.0
2022-02-14,8854.0,122.0
2022-02-15,7831.0,146.0
2022-02-16,44303.0,1163.0
2022-02-17,21565.0,470.0
2022-02-18,0.0,0.0
2022-02-19,41306.0,927.0
2022-02-20,5714.0,163.0
2022-02-21,0.0,0.0
2022-02-22,4832.0,98.0
2022-02-23,36980.0,1155.0
2022-02-24,18252.0,362.0
2022-02-25,15638.0,380.0
2022-02-26,13459.0,331.0
2022-02-27,3519.0,72.0
2022-02-28,2524.0,63.0
2022-03-01,13115.0,382.0
2022-03-02,0.0,0.0
2022-03-03,12342.0,304.0
2022-03-04,10558.0,461.0
2022-03-05,9748.0,308.0
2022-03-06,10593.0,255.0
2022-03-07,1684.0,42.0
2022-03-08,8939.0,265.0
2022-03-09,8385.0,242.0
2022-03-10,7878.0,199.0
2022-03-11,0.0,0.0
2022-03-12,13765.0,447.0
2022-03-13,1191.0,49.0
2022-03-14,1018.0,12.0
2022-03-15,0.0,0.0
2022-03-16,6025.0,260.0
2022-03-17,11084.0,431.0
2022-03-18,0.0,0.0
2022-03-19,4860.0,125.0
2022-03-20,4114.0,141.0
2022-03-21,901.0,20.0
2022-03-22,1225.0,27.0
2022-03-23,0.0,0.0
2022-03-24,4251.0,158.0
2022-03-25,6736.0,357.0
2022-03-26,0.0,0.0
2022-03-27,3855.0,116.0
2022-03-28,657.0,11.0
2022-03-29,2758.0,84.0
2022-03-30,0.0,0.0
2022-03-31,5224.0,171.0
2022-04-01,2538.0,111.0
2022-04-02,3303.0,85.0
2022-04-03,839.0,11.0
2022-04-04,706.0,12.0
2022-04-05,4223.0,83.0
2022-04-06,12144.0,85.0
2022-04-07,32216.0,105.0
2022-04-08,4325.0,87.0
2022-04-09,2767.0,96.0
2022-04-10,337.0,34.0
2022-04-11,281.0,2.0
2022-04-12,648.0,78.0
2022-04-13,749.0,43.0
2022-04-14,464.0,43.0
2022-04-15,401.0,12.0
2022-04-16,1192.0,35.0
2022-04-17,1000.0,6.0
2022-04-18,0.0,0.0
2022-04-19,1602.0,29.0
2022-04-20,1290.0,31.0
2022-04-21,1075.0,29.0
2022-04-22,0.0,0.0
2022-04-23,1793.0,87.0
2022-04-24,357.0,9.0
2022-04-25,140.0,5.0
2022-04-26,1190.0,39.0
2022-04-27,1464.0,48.0
2022-04-28,1232.0,33.0
2022-04-29,958.0,40.0
2022-04-30,911.0,40.0
2022-05-01,0.0,0.0
2022-05-02,400.0,16.0
2022-05-03,,
2022-05-04,0.0,0.0
2022-05-05,0.0,0.0
2022-05-06,0.0,0.0
2022-05-07,0.0,0.0
2022-05-08,0.0,0.0
2022-05-09,5972.0,131.0
2022-05-10,0.0,0.0
2022-05-11,0.0,0.0
2022-05-12,0.0,0.0
2022-05-13,0.0,0.0
2022-05-14,0.0,0.0
2022-05-15,0.0,0.0
2022-05-16,6789.0,152.0
2022-05-17,0.0,0.0
2022-05-18,0.0,0.0
2022-05-19,0.0,0.0
2022-05-20,0.0,0.0
2022-05-21,0.0,0.0
2022-05-22,0.0,0.0
2022-05-23,7332.0,151.0
2022-05-24,0.0,0.0
2022-05-25,0.0,0.0
2022-05-26,0.0,0.0
2022-05-27,0.0,0.0
2022-05-28,0.0,0.0
2022-05-29,0.0,0.0
2022-05-30,13223.0,127.0
2022-05-31,2981.0,27.0
2022-06-01,3050.0,29.0
2022-06-02,3378.0,15.0
2022-06-03,0.0,0.0
2022-06-04,6996.0,34.0
2022-06-05,1881.0,17.0
2022-06-06,1035.0,6.0
2022-06-07,5110.0,19.0
2022-06-08,5245.0,13.0
2022-06-09,0.0,0.0
2022-06-10,12194.0,89.0
2022-06-11,6396.0,42.0
2022-06-12,2582.0,8.0
2022-06-13,0.0,0.0
2022-06-14,9894.0,48.0
2022-06-15,9452.0,29.0
2022-06-16,9406.0,69.0
2022-06-17,0.0,0.0
2022-06-18,0.0,0.0
2022-06-19,23109.0,68.0
2022-06-20,2132.0,9.0
2022-06-21,13752.0,41.0
2022-06-22,0.0,0.0
2022-06-23,15364.0,29.0
2022-06-24,16133.0,24.0
2022-06-25,33646.0,65.0
2022-06-26,5883.0,4.0
2022-06-27,3343.0,16.0
2022-06-28,20959.0,42.0
2022-06-29,0.0,0.0
2022-06-30,47685.0,78.0
2022-07-01,24087.0,31.0
2022-07-02,0.0,0.0
2022-07-03,30911.0,41.0
2022-07-04,4235.0,5.0
2022-07-05,27973.0,75.0
2022-07-06,31116.0,60.0
2022-07-07,32295.0,48.0
2022-07-08,0.0,0.0
2022-07-09,64764.0,101.0
2022-07-10,9342.0,8.0
2022-07-11,5986.0,12.0
2022-07-12,36334.0,92.0
2022-07-13,37346.0,72.0
2022-07-14,34885.0,74.0
2022-07-15,34567.0,85.0
2022-07-16,31173.0,71.0
2022-07-17,8861.0,13.0
2022-07-18,0.0,0.0
2022-07-19,39881.0,153.0
2022-07-20,34661.0,107.0
2022-07-21,33660.0,115.0
2022-07-22,32175.0,89.0
2022-07-23,28539.0,105.0
2022-07-24,6917.0,16.0
2022-07-25,4231.0,20.0
2022-07-26,0.0,0.0
2022-07-27,58413.0,303.0
2022-07-28,0.0,0.0
2022-07-29,24893.0,113.0
2022-07-30,0.0,0.0
2022-07-31,0.0,0.0
2022-08-01,49302.0,230.0
2022-08-02,21831.0,128.0
2022-08-03,20210.0,123.0
2022-08-04,18556.0,122.0
2022-08-05,0.0,0.0
2022-08-06,32434.0,178.0
2022-08-07,3290.0,14.0
2022-08-08,2500.0,22.0
2022-08-09,15738.0,95.0
2022-08-10,0.0,0.0
2022-08-11,0.0,0.0
2022-08-12,0.0,0.0
2022-08-13,49960.0,287.0
2022-08-14,1968.0,8.0
2022-08-15,1367.0,4.0
2022-08-16,10752.0,62.0
2022-08-17,9898.0,73.0
2022-08-18,0.0,0.0
2022-08-19,0.0,0.0
2022-08-20,0.0,0.0
2022-08-21,0.0,0.0
2022-08-22,0.0,0.0
2022-08-23,36675.0,303.0
2022-08-24,7981.0,51.0
2022-08-25,7281.0,64.0
2022-08-26,0.0,0.0
2022-08-27,0.0,0.0
2022-08-28,12920.0,101.0
2022-08-29,0.0,0.0
2022-08-30,0.0,0.0
2022-08-31,0.0,0.0
2022-09-01,17514.0,146.0
2022-09-02,4347.0,36.0
2022-09-03,0.0,0.0
2022-09-04,4810.0,50.0
2022-09-05,0.0,0.0
2022-09-06,5039.0,30.0
2022-09-07,0.0,0.0
2022-09-08,0.0,0.0
2022-09-09,0.0,0.0
2022-09-10,10049.0,84.0
2022-09-11,3220.0,26.0
2022-09-12,,
2022-09-13,588.0,6.0
2022-09-14,0.0,0.0
2022-09-15,0.0,0.0
2022-09-16,0.0,0.0
2022-09-17,9828.0,128.0
2022-09-18,0.0,0.0
2022-09-19,0.0,0.0
2022-09-20,3439.0,25.0
2022-09-21,2802.0,29.0
2022-09-22,0.0,0.0
2022-09-23,4147.0,68.0
2022-09-24,1595.0,26.0
2022-09-25,0.0,0.0
2022-09-26,287.0,3.0
2022-09-27,0.0,0.0
2022-09-28,0.0,0.0
2022-09-29,5778.0,55.0
2022-09-30,1397.0,11.0
2022-10-01,1121.0,19.0
2022-10-02,0.0,0.0
2022-10-03,635.0,8.0
2022-10-04,0.0,0.0
2022-10-05,0.0,0.0
2022-10-06,0.0,0.0
2022-10-07,4731.0,63.0
2022-10-08,0.0,0.0
2022-10-09,1568.0,6.0
2022-10-10,0.0,0.0
2022-10-11,1261.0,25.0
2022-10-12,1198.0,17.0
2022-10-13,1163.0,4.0
2022-10-14,0.0,0.0
2022-10-15,2061.0,23.0
2022-10-16,0.0,0.0
2022-10-17,392.0,2.0
2022-10-18,0.0,0.0
2022-10-19,0.0,0.0
2022-10-20,2226.0,26.0
2022-10-21,453.0,15.0
2022-10-22,0.0,0.0
2022-10-23,847.0,11.0
2022-10-24,0.0,0.0
2022-10-25,1122.0,10.0
2022-10-26,699.0,12.0
2022-10-27,0.0,0.0
2022-10-28,0.0,0.0
2022-10-29,0.0,0.0
2022-10-30,2418.0,23.0
2022-10-31,,16.0
2022-11-01,0.0,0.0
2022-11-02,1511.0,18.0
2022-11-03,0.0,0.0
2022-11-04,1154.0,14.0
2022-11-05,0.0,0.0
2022-11-06,0.0,0.0
2022-11-07,,
2022-11-08,0.0,0.0
2022-11-09,2106.0,11.0
2022-11-10,889.0,13.0
2022-11-11,0.0,0.0
2022-11-12,0.0,0.0
2022-11-13,0.0,0.0
2022-11-14,2509.0,14.0
2022-11-15,0.0,0.0
2022-11-16,0.0,0.0
2022-11-17,0.0,0.0
2022-11-18,0.0,0.0
2022-11-19,0.0,0.0
2022-11-20,0.0,0.0
2022-11-21,0.0,0.0
2022-11-22,6510.0,49.0
2022-11-23,,2.0
2022-11-24,0.0,0.0
2022-11-25,0.0,0.0
2022-11-26,0.0,0.0
2022-11-27,0.0,0.0
2022-11-28,0.0,0.0
2022-11-29,0.0,0.0
2022-11-30,0.0,0.0
2022-12-01,7616.0,30.0
2022-12-02,0.0,0.0
2022-12-03,0.0,0.0
2022-12-04,0.0,0.0
2022-12-05,12617.0,67.0
2022-12-06,3477.0,10.0
2022-12-07,3966.0,31.0
2022-12-08,3878.0,34.0
2022-12-09,0.0,0.0
2022-12-10,0.0,0.0
2022-12-11,0.0,0.0
2022-12-12,7662.0,34.0
2022-12-13,5261.0,28.0
2022-12-14,0.0,0.0
2022-12-15,4811.0,14.0
2022-12-16,0.0,0.0
2022-12-17,14398.0,52.0
2022-12-18,0.0,0.0
2022-12-19,1840.0,10.0
2022-12-20,5783.0,29.0
2022-12-21,0.0,0.0
2022-12-22,0.0,0.0
2022-12-23,0.0,0.0
2022-12-24,24566.0,179.0
2022-12-25,0.0,0.0
2022-12-26,1219.0,8.0
2022-12-27,6229.0,50.0
2022-12-28,5864.0,34.0
2022-12-29,104.0,
2022-12-30,0.0,0.0
2022-12-31,0.0,0.0
2023-01-01,0.0,0.0
2023-01-02,0.0,0.0
2023-01-03,18477.0,98.0
2023-01-04,4972.0,9.0
2023-01-05,0.0,0.0
2023-01-06,13094.0,57.0
2023-01-07,0.0,0.0
2023-01-08,12839.0,61.0
2023-01-09,0.0,0.0
2023-01-10,653.0,9.0
2023-01-11,0.0,0.0
2023-01-12,13412.0,74.0
2023-01-13,11240.0,103.0
2023-01-14,0.0,0.0
2023-01-15,5737.0,85.0
2023-01-16,0.0,0.0
2023-01-17,563.0,10.0
2023-01-18,0.0,0.0
2023-01-19,0.0,0.0
2023-01-20,21646.0,224.0
2023-01-21,4380.0,41.0
2023-01-22,797.0,11.0
2023-01-23,487.0,16.0
2023-01-24,5528.0,58.0
2023-01-25,0.0,0.0
2023-01-26,5338.0,71.0
2023-01-27,4963.0,61.0
2023-01-28,0.0,0.0
2023-01-29,9119.0,103.0
2023-01-30,0.0,0.0
2023-01-31,540.0,8.0
2023-02-01,9081.0,126.0
2023-02-02,0.0,0.0
2023-02-03,3972.0,69.0
2023-02-04,0.0,0.0
2023-02-05,8365.0,82.0
2023-02-06,560.0,4.0
2023-02-07,0.0,0.0
2023-02-08,672.0,4.0
2023-02-09,9946.0,97.0
2023-02-10,0.0,0.0
2023-02-11,0.0,0.0
2023-02-12,0.0,0.0
2023-02-13,0.0,0.0
2023-02-14,9245.0,73.0
2023-02-15,4825.0,42.0
2023-02-16,0.0,0.0
2023-02-17,0.0,0.0
2023-02-18,0.0,0.0
2023-02-19,14860.0,144.0
2023-02-20,0.0,0.0
2023-02-21,1038.0,11.0
2023-02-22,4250.0,35.0
2023-02-23,8085.0,53.0
2023-02-24,0.0,0.0
2023-02-25,0.0,0.0
2023-02-26,7841.0,48.0
2023-02-27,0.0,0.0
2023-02-28,437.0,2.0
2023-03-01,8431.0,50.0
2023-03-02,0.0,0.0
2023-03-03,0.0,0.0
2023-03-04,10268.0,58.0
2023-03-05,525.0,4.0
2023-03-06,0.0,0.0
2023-03-07,4566.0,36.0
2023-03-08,4416.0,34.0
2023-03-09,3809.0,18.0
