date,new_cases,new_cases_smoothed,total_cases,new_deaths,new_deaths_smoothed,total_deaths,hosp_patients,icu_patients,stringency_index
2020-01-01,,,,,,,,,0.0
2020-01-02,,,,,,,,,0.0
2020-01-03,,,,,,,,,0.0
2020-01-04,,,,,,,,,0.0
2020-01-05,0.0,,0.0,0.0,,0.0,,,0.0
2020-01-06,0.0,,0.0,0.0,,0.0,,,0.0
2020-01-07,0.0,,0.0,0.0,,0.0,,,0.0
2020-01-08,0.0,,0.0,0.0,,0.0,,,0.0
2020-01-09,0.0,,0.0,0.0,,0.0,,,0.0
2020-01-10,0.0,0.0,0.0,0.0,0.0,0.0,,,0.0
2020-01-11,0.0,0.0,0.0,0.0,0.0,0.0,,,0.0
2020-01-12,0.0,0.0,0.0,0.0,0.0,0.0,,,0.0
2020-01-13,0.0,0.0,0.0,0.0,0.0,0.0,,,0.0
2020-01-14,0.0,0.0,0.0,0.0,0.0,0.0,,,0.0
2020-01-15,0.0,0.0,0.0,0.0,0.0,0.0,,,0.0
2020-01-16,0.0,0.0,0.0,0.0,0.0,0.0,,,0.0
2020-01-17,0.0,0.0,0.0,0.0,0.0,0.0,,,0.0
2020-01-18,0.0,0.0,0.0,0.0,0.0,0.0,,,0.0
2020-01-19,0.0,0.0,0.0,0.0,0.0,0.0,,,0.0
2020-01-20,0.0,0.0,0.0,0.0,0.0,0.0,,,0.0
2020-01-21,0.0,0.0,0.0,0.0,0.0,0.0,,,0.0
2020-01-22,0.0,0.0,0.0,0.0,0.0,0.0,,,0.0
2020-01-23,0.0,0.0,0.0,0.0,0.0,0.0,,,0.0
2020-01-24,0.0,0.0,0.0,0.0,0.0,0.0,,,0.0
2020-01-25,0.0,0.0,0.0,0.0,0.0,0.0,,,0.0
2020-01-26,0.0,0.0,0.0,0.0,0.0,0.0,,,0.0
2020-01-27,0.0,0.0,0.0,0.0,0.0,0.0,,,0.0
2020-01-28,0.0,0.0,0.0,0.0,0.0,0.0,,,0.0
2020-01-29,0.0,0.0,0.0,0.0,0.0,0.0,,,0.0
2020-01-30,0.0,0.0,0.0,0.0,0.0,0.0,,,0.0
2020-01-31,0.0,0.0,0.0,0.0,0.0,0.0,,,0.0
2020-02-01,0.0,0.0,0.0,0.0,0.0,0.0,,,0.0
2020-02-02,0.0,0.0,0.0,0.0,0.0,0.0,,,0.0
2020-02-03,0.0,0.0,0.0,0.0,0.0,0.0,,,0.0
2020-02-04,0.0,0.0,0.0,0.0,0.0,0.0,,,0.0
2020-02-05,0.0,0.0,0.0,0.0,0.0,0.0,,,0.0
2020-02-06,0.0,0.0,0.0,0.0,0.0,0.0,,,0.0
2020-02-07,0.0,0.0,0.0,0.0,0.0,0.0,,,0.0
2020-02-08,0.0,0.0,0.0,0.0,0.0,0.0,,,0.0
2020-02-09,0.0,0.0,0.0,0.0,0.0,0.0,,,0.0
2020-02-10,0.0,0.0,0.0,0.0,0.0,0.0,,,0.0
2020-02-11,0.0,0.0,0.0,0.0,0.0,0.0,,,0.0
2020-02-12,0.0,0.0,0.0,0.0,0.0,0.0,,,0.0
2020-02-13,0.0,0.0,0.0,0.0,0.0,0.0,,,0.0
2020-02-14,0.0,0.0,0.0,0.0,0.0,0.0,,,0.0
2020-02-15,0.0,0.0,0.0,0.0,0.0,0.0,,,0.0
2020-02-16,0.0,0.0,0.0,0.0,0.0,0.0,,,0.0
2020-02-17,0.0,0.0,0.0,0.0,0.0,0.0,,,0.0
2020-02-18,0.0,0.0,0.0,0.0,0.0,0.0,,,0.0
2020-02-19,0.0,0.0,0.0,0.0,0.0,0.0,,,0.0
2020-02-20,0.0,0.0,0.0,0.0,0.0,0.0,,,0.0
2020-02-21,0.0,0.0,0.0,0.0,0.0,0.0,,,0.0
2020-02-22,0.0,0.0,0.0,0.0,0.0,0.0,,,0.0
2020-02-23,1.0,0.14,1.0,0.0,0.0,0.0,,,0.0
2020-02-24,0.0,0.14,1.0,0.0,0.0,0.0,,,0.0
2020-02-25,0.0,0.14,1.0,0.0,0.0,0.0,,,0.0
2020-02-26,0.0,0.14,1.0,0.0,0.0,0.0,,,0.0
2020-02-27,0.0,0.14,1.0,0.0,0.0,0.0,,,0.0
2020-02-28,0.0,0.14,1.0,0.0,0.0,0.0,,,2.78
2020-02-29,0.0,0.14,1.0,0.0,0.0,0.0,,,2.78
2020-03-01,5.0,0.71,6.0,0.0,0.0,0.0,,,2.78
2020-03-02,0.0,0.71,6.0,0.0,0.0,0.0,,,2.78
2020-03-03,0.0,0.71,6.0,0.0,0.0,0.0,,,2.78
2020-03-04,0.0,0.71,6.0,0.0,0.0,0.0,,,2.78
2020-03-05,0.0,0.71,6.0,0.0,0.0,0.0,,,2.78
2020-03-06,0.0,0.71,6.0,0.0,0.0,0.0,,,2.78
2020-03-07,0.0,0.71,6.0,0.0,0.0,0.0,,,2.78
2020-03-08,45.0,6.43,51.0,0.0,0.0,0.0,,,2.78
2020-03-09,0.0,6.43,51.0,0.0,0.0,0.0,,,2.78
2020-03-10,0.0,6.43,51.0,0.0,0.0,0.0,,,2.78
2020-03-11,0.0,6.43,51.0,0.0,0.0,0.0,,,2.78
2020-03-12,0.0,6.43,51.0,0.0,0.0,0.0,,,2.78
2020-03-13,0.0,6.43,51.0,0.0,0.0,0.0,,,2.78
2020-03-14,0.0,6.43,51.0,0.0,0.0,0.0,,,2.78
2020-03-15,183.0,26.14,234.0,0.0,0.0,0.0,,,2.78
2020-03-16,0.0,26.14,234.0,0.0,0.0,0.0,,,2.78
2020-03-17,0.0,26.14,234.0,0.0,0.0,0.0,,,2.78
2020-03-18,0.0,26.14,234.0,0.0,0.0,0.0,,,2.78
2020-03-19,0.0,26.14,234.0,0.0,0.0,0.0,,,2.78
2020-03-20,0.0,26.14,234.0,0.0,0.0,0.0,,,2.78
2020-03-21,0.0,26.14,234.0,0.0,0.0,0.0,,,8.33
2020-03-22,669.0,95.57,903.0,4.0,0.57,4.0,,,8.33
2020-03-23,0.0,95.57,903.0,0.0,0.57,4.0,,,19.44
2020-03-24,0.0,95.57,903.0,0.0,0.57,4.0,,,52.78
2020-03-25,0.0,95.57,903.0,0.0,0.57,4.0,,,52.78
2020-03-26,0.0,95.57,903.0,0.0,0.57,4.0,,,63.89
2020-03-27,0.0,95.57,903.0,0.0,0.57,4.0,,,63.89
2020-03-28,0.0,95.57,903.0,0.0,0.57,4.0,,,63.89
2020-03-29,1214.0,173.43,2117.0,24.0,3.43,28.0,,,63.89
2020-03-30,0.0,173.43,2117.0,0.0,3.43,28.0,,,82.41
2020-03-31,0.0,173.43,2117.0,0.0,3.43,28.0,,,82.41
2020-04-01,0.0,173.43,2117.0,0.0,3.43,28.0,,,82.41
2020-04-02,0.0,173.43,2117.0,0.0,3.43,28.0,,,82.41
2020-04-03,0.0,173.43,2117.0,0.0,3.43,28.0,,,82.41
2020-04-04,0.0,173.43,2117.0,0.0,3.43,28.0,,,82.41
2020-04-05,2134.0,304.86,4251.0,146.0,20.86,174.0,,,82.41
2020-04-06,0.0,304.86,4251.0,0.0,20.86,174.0,,,82.41
2020-04-07,0.0,304.86,4251.0,0.0,20.86,174.0,,,82.41
2020-04-08,0.0,304.86,4251.0,0.0,20.86,174.0,,,82.41
2020-04-09,0.0,304.86,4251.0,0.0,20.86,174.0,,,82.41
2020-04-10,0.0,304.86,4251.0,0.0,20.86,174.0,,,82.41
2020-04-11,0.0,304.86,4251.0,0.0,20.86,174.0,,,82.41
2020-04-12,3291.0,470.14,7542.0,382.0,54.57,556.0,,,82.41
2020-04-13,0.0,470.14,7542.0,0.0,54.57,556.0,,,82.41
2020-04-14,0.0,470.14,7542.0,0.0,54.57,556.0,,,82.41
2020-04-15,0.0,470.14,7542.0,0.0,54.57,556.0,,,82.41
2020-04-16,0.0,470.14,7542.0,0.0,54.57,556.0,,,82.41
2020-04-17,0.0,470.14,7542.0,0.0,54.57,556.0,,,82.41
2020-04-18,0.0,470.14,7542.0,0.0,54.57,556.0,,,82.41
2020-04-19,5958.0,851.14,13500.0,749.0,107.0,1305.0,,,82.41
2020-04-20,0.0,851.14,13500.0,0.0,107.0,1305.0,,,82.41
2020-04-21,0.0,851.14,13500.0,0.0,107.0,1305.0,,,82.41
2020-04-22,0.0,851.14,13500.0,0.0,107.0,1305.0,,,82.41
2020-04-23,0.0,851.14,13500.0,0.0,107.0,1305.0,,,82.41
2020-04-24,0.0,851.14,13500.0,0.0,107.0,1305.0,,,82.41
2020-04-25,0.0,851.14,13500.0,0.0,107.0,1305.0,,,82.41
2020-04-26,9264.0,1323.43,22764.0,1453.0,207.57,2758.0,,,82.41
2020-04-27,0.0,1323.43,22764.0,0.0,207.57,2758.0,,,82.41
2020-04-28,0.0,1323.43,22764.0,0.0,207.57,2758.0,,,82.41
2020-04-29,0.0,1323.43,22764.0,0.0,207.57,2758.0,,,82.41
2020-04-30,0.0,1323.43,22764.0,0.0,207.57,2758.0,,,82.41
2020-05-01,0.0,1323.43,22764.0,0.0,207.57,2758.0,,,82.41
2020-05-02,0.0,1323.43,22764.0,0.0,207.57,2758.0,,,82.41
2020-05-03,11571.0,1653.0,34335.0,2361.0,337.29,5119.0,,,82.41
2020-05-04,0.0,1653.0,34335.0,0.0,337.29,5119.0,,,82.41
2020-05-05,0.0,1653.0,34335.0,0.0,337.29,5119.0,,,82.41
2020-05-06,0.0,1653.0,34335.0,0.0,337.29,5119.0,,,82.41
2020-05-07,0.0,1653.0,34335.0,0.0,337.29,5119.0,,,82.41
2020-05-08,0.0,1653.0,34335.0,0.0,337.29,5119.0,,,82.41
2020-05-09,0.0,1653.0,34335.0,0.0,337.29,5119.0,,,82.41
2020-05-10,15196.0,2170.86,49531.0,2893.0,413.29,8012.0,,,82.41
2020-05-11,0.0,2170.86,49531.0,0.0,413.29,8012.0,,,82.41
2020-05-12,0.0,2170.86,49531.0,0.0,413.29,8012.0,,,82.41
2020-05-13,0.0,2170.86,49531.0,0.0,413.29,8012.0,,,82.41
2020-05-14,0.0,2170.86,49531.0,0.0,413.29,8012.0,,,82.41
2020-05-15,0.0,2170.86,49531.0,0.0,413.29,8012.0,,,82.41
2020-05-16,0.0,2170.86,49531.0,0.0,413.29,8012.0,,,82.41
2020-05-17,19538.0,2791.14,69069.0,3414.0,487.71,11426.0,,,82.41
2020-05-18,0.0,2791.14,69069.0,0.0,487.71,11426.0,,,82.41
2020-05-19,0.0,2791.14,69069.0,0.0,487.71,11426.0,,,82.41
2020-05-20,0.0,2791.14,69069.0,0.0,487.71,11426.0,,,82.41
2020-05-21,0.0,2791.14,69069.0,0.0,487.71,11426.0,,,82.41
2020-05-22,0.0,2791.14,69069.0,0.0,487.71,11426.0,,,82.41
2020-05-23,0.0,2791.14,69069.0,0.0,487.71,11426.0,,,82.41
2020-05-24,24187.0,3455.29,93256.0,3994.0,570.57,15420.0,,,82.41
2020-05-25,0.0,3455.29,93256.0,0.0,570.57,15420.0,,,82.41
2020-05-26,0.0,3455.29,93256.0,0.0,570.57,15420.0,,,82.41
2020-05-27,0.0,3455.29,93256.0,0.0,570.57,15420.0,,,82.41
2020-05-28,0.0,3455.29,93256.0,0.0,570.57,15420.0,,,82.41
2020-05-29,0.0,3455.29,93256.0,0.0,570.57,15420.0,,,82.41
2020-05-30,0.0,3455.29,93256.0,0.0,570.57,15420.0,,,82.41
2020-05-31,26973.0,3853.29,120229.0,4178.0,596.86,19598.0,,,82.41
2020-06-01,0.0,3853.29,120229.0,0.0,596.86,19598.0,,,72.69
2020-06-02,0.0,3853.29,120229.0,0.0,596.86,19598.0,,,72.69
2020-06-03,0.0,3853.29,120229.0,0.0,596.86,19598.0,,,72.69
2020-06-04,0.0,3853.29,120229.0,0.0,596.86,19598.0,,,72.69
2020-06-05,0.0,3853.29,120229.0,0.0,596.86,19598.0,,,72.69
2020-06-06,0.0,3853.29,120229.0,0.0,596.86,19598.0,,,72.69
2020-06-07,30556.0,4365.14,150785.0,4512.0,644.57,24110.0,,,72.69
2020-06-08,0.0,4365.14,150785.0,0.0,644.57,24110.0,,,72.69
2020-06-09,0.0,4365.14,150785.0,0.0,644.57,24110.0,,,72.69
2020-06-10,0.0,4365.14,150785.0,0.0,644.57,24110.0,,,72.69
2020-06-11,0.0,4365.14,150785.0,0.0,644.57,24110.0,,,72.69
2020-06-12,0.0,4365.14,150785.0,0.0,644.57,24110.0,,,70.83
2020-06-13,0.0,4365.14,150785.0,0.0,644.57,24110.0,,,70.83
2020-06-14,34822.0,4974.57,185607.0,4891.0,698.71,29001.0,,,70.83
2020-06-15,0.0,4974.57,185607.0,0.0,698.71,29001.0,,,70.83
2020-06-16,0.0,4974.57,185607.0,0.0,698.71,29001.0,,,70.83
2020-06-17,0.0,4974.57,185607.0,0.0,698.71,29001.0,,,70.83
2020-06-18,0.0,4974.57,185607.0,0.0,698.71,29001.0,,,70.83
2020-06-19,0.0,4974.57,185607.0,0.0,698.71,29001.0,,,70.83
2020-06-20,0.0,4974.57,185607.0,0.0,698.71,29001.0,,,70.83
2020-06-21,37587.0,5369.57,223194.0,4986.0,712.29,33987.0,,,70.83
2020-06-22,0.0,5369.57,223194.0,0.0,712.29,33987.0,,,70.83
2020-06-23,0.0,5369.57,223194.0,0.0,712.29,33987.0,,,70.83
2020-06-24,0.0,5369.57,223194.0,0.0,712.29,33987.0,,,70.83
2020-06-25,0.0,5369.57,223194.0,0.0,712.29,33987.0,,,70.83
2020-06-26,0.0,5369.57,223194.0,0.0,712.29,33987.0,,,70.83
2020-06-27,0.0,5369.57,223194.0,0.0,712.29,33987.0,,,70.83
2020-06-28,39306.0,5615.14,262500.0,4569.0,652.71,38556.0,,,70.83
2020-06-29,0.0,5615.14,262500.0,0.0,652.71,38556.0,,,70.83
2020-06-30,0.0,5615.14,262500.0,0.0,652.71,38556.0,,,70.83
2020-07-01,0.0,5615.14,262500.0,0.0,652.71,38556.0,,,70.83
2020-07-02,0.0,5615.14,262500.0,0.0,652.71,38556.0,,,70.83
2020-07-03,0.0,5615.14,262500.0,0.0,652.71,38556.0,,,70.83
2020-07-04,0.0,5615.14,262500.0,0.0,652.71,38556.0,,,70.83
2020-07-05,43553.0,6221.86,306053.0,4971.0,710.14,43527.0,,,70.83
2020-07-06,0.0,6221.86,306053.0,0.0,710.14,43527.0,,,70.83
2020-07-07,0.0,6221.86,306053.0,0.0,710.14,43527.0,,,70.83
2020-07-08,0.0,6221.86,306053.0,0.0,710.14,43527.0,,,70.83
2020-07-09,0.0,6221.86,306053.0,0.0,710.14,43527.0,,,70.83
2020-07-10,0.0,6221.86,306053.0,0.0,710.14,43527.0,,,70.83
2020-07-11,0.0,6221.86,306053.0,0.0,710.14,43527.0,,,70.83
2020-07-12,44406.0,6343.71,350459.0,5374.0,767.71,48901.0,,,70.83
2020-07-13,0.0,6343.71,350459.0,0.0,767.71,48901.0,,,70.83
2020-07-14,0.0,6343.71,350459.0,0.0,767.71,48901.0,,,70.83
2020-07-15,0.0,6343.71,350459.0,0.0,767.71,48901.0,,,70.83
2020-07-16,0.0,6343.71,350459.0,0.0,767.71,48901.0,,,70.83
2020-07-17,0.0,6343.71,350459.0,0.0,767.71,48901.0,,,70.83
2020-07-18,0.0,6343.71,350459.0,0.0,767.71,48901.0,,,70.83
2020-07-19,49775.0,7110.71,400234.0,5534.0,790.57,54435.0,,,70.83
2020-07-20,0.0,7110.71,400234.0,0.0,790.57,54435.0,,,70.83
2020-07-21,0.0,7110.71,400234.0,0.0,790.57,54435.0,,,70.83
2020-07-22,0.0,7110.71,400234.0,0.0,790.57,54435.0,,,70.83
2020-07-23,0.0,7110.71,400234.0,0.0,790.57,54435.0,,,70.83
2020-07-24,0.0,7110.71,400234.0,0.0,790.57,54435.0,,,70.83
2020-07-25,0.0,7110.71,400234.0,0.0,790.57,54435.0,,,70.83
2020-07-26,50177.0,7168.14,450411.0,5464.0,780.57,59899.0,,,70.83
2020-07-27,0.0,7168.14,450411.0,0.0,780.57,59899.0,,,70.83
2020-07-28,0.0,7168.14,450411.0,0.0,780.57,59899.0,,,70.83
2020-07-29,0.0,7168.14,450411.0,0.0,780.57,59899.0,,,70.83
2020-07-30,0.0,7168.14,450411.0,0.0,780.57,59899.0,,,70.83
2020-07-31,0.0,7168.14,450411.0,0.0,780.57,59899.0,,,70.83
2020-08-01,0.0,7168.14,450411.0,0.0,780.57,59899.0,,,70.83
2020-08-02,45999.0,6571.29,496410.0,5258.0,751.14,65157.0,,,70.83
2020-08-03,0.0,6571.29,496410.0,0.0,751.14,65157.0,,,70.83
2020-08-04,0.0,6571.29,496410.0,0.0,751.14,65157.0,,,70.83
2020-08-05,0.0,6571.29,496410.0,0.0,751.14,65157.0,,,70.83
2020-08-06,0.0,6571.29,496410.0,0.0,751.14,65157.0,,,70.83
2020-08-07,0.0,6571.29,496410.0,0.0,751.14,65157.0,,,70.83
2020-08-08,0.0,6571.29,496410.0,0.0,751.14,65157.0,,,70.83
2020-08-09,41814.0,5973.43,538224.0,5027.0,718.14,70184.0,,,70.83
2020-08-10,0.0,5973.43,538224.0,0.0,718.14,70184.0,,,70.83
2020-08-11,0.0,5973.43,538224.0,0.0,718.14,70184.0,,,70.83
2020-08-12,0.0,5973.43,538224.0,0.0,718.14,70184.0,,,70.83
2020-08-13,0.0,5973.43,538224.0,0.0,718.14,70184.0,,,70.83
2020-08-14,0.0,5973.43,538224.0,0.0,718.14,70184.0,,,70.83
2020-08-15,0.0,5973.43,538224.0,0.0,718.14,70184.0,,,70.83
2020-08-16,39452.0,5636.0,577676.0,4522.0,646.0,74706.0,,,70.83
2020-08-17,0.0,5636.0,577676.0,0.0,646.0,74706.0,,,70.83
2020-08-18,0.0,5636.0,577676.0,0.0,646.0,74706.0,,,70.83
2020-08-19,0.0,5636.0,577676.0,0.0,646.0,74706.0,,,70.83
2020-08-20,0.0,5636.0,577676.0,0.0,646.0,74706.0,,,74.54
2020-08-21,0.0,5636.0,577676.0,0.0,646.0,74706.0,,,74.54
2020-08-22,0.0,5636.0,577676.0,0.0,646.0,74706.0,,,74.54
2020-08-23,37867.0,5409.57,615543.0,4065.0,580.71,78771.0,,,74.54
2020-08-24,0.0,5409.57,615543.0,0.0,580.71,78771.0,,,74.54
2020-08-25,0.0,5409.57,615543.0,0.0,580.71,78771.0,,,74.54
2020-08-26,0.0,5409.57,615543.0,0.0,580.71,78771.0,,,74.54
2020-08-27,0.0,5409.57,615543.0,0.0,580.71,78771.0,,,74.54
2020-08-28,0.0,5409.57,615543.0,0.0,580.71,78771.0,,,74.54
2020-08-29,0.0,5409.57,615543.0,0.0,580.71,78771.0,,,74.54
2020-08-30,39230.0,5604.29,654773.0,3731.0,533.0,82502.0,,,74.54
2020-08-31,0.0,5604.29,654773.0,0.0,533.0,82502.0,,,74.54
2020-09-01,0.0,5604.29,654773.0,0.0,533.0,82502.0,,,74.54
2020-09-02,0.0,5604.29,654773.0,0.0,533.0,82502.0,,,74.54
2020-09-03,0.0,5604.29,654773.0,0.0,533.0,82502.0,,,74.54
2020-09-04,0.0,5604.29,654773.0,0.0,533.0,82502.0,,,74.54
2020-09-05,0.0,5604.29,654773.0,0.0,533.0,82502.0,,,74.54
2020-09-06,38873.0,5553.29,693646.0,3556.0,508.0,86058.0,,,74.54
2020-09-07,0.0,5553.29,693646.0,0.0,508.0,86058.0,,,74.54
2020-09-08,0.0,5553.29,693646.0,0.0,508.0,86058.0,,,74.54
2020-09-09,0.0,5553.29,693646.0,0.0,508.0,86058.0,,,74.54
2020-09-10,0.0,5553.29,693646.0,0.0,508.0,86058.0,,,74.54
2020-09-11,0.0,5553.29,693646.0,0.0,508.0,86058.0,,,67.13
2020-09-12,0.0,5553.29,693646.0,0.0,508.0,86058.0,,,67.13
2020-09-13,35339.0,5048.43,728985.0,3208.0,458.29,89266.0,,,67.13
2020-09-14,0.0,5048.43,728985.0,0.0,458.29,89266.0,,,67.13
2020-09-15,0.0,5048.43,728985.0,0.0,458.29,89266.0,,,67.13
2020-09-16,0.0,5048.43,728985.0,0.0,458.29,89266.0,,,67.13
2020-09-17,0.0,5048.43,728985.0,0.0,458.29,89266.0,,,67.13
2020-09-18,0.0,5048.43,728985.0,0.0,458.29,89266.0,,,69.91
2020-09-19,0.0,5048.43,728985.0,0.0,458.29,89266.0,,,69.91
2020-09-20,29659.0,4237.0,758644.0,2955.0,422.14,92221.0,,,69.91
2020-09-21,0.0,4237.0,758644.0,0.0,422.14,92221.0,,,69.91
2020-09-22,0.0,4237.0,758644.0,0.0,422.14,92221.0,,,73.61
2020-09-23,0.0,4237.0,758644.0,0.0,422.14,92221.0,,,73.61
2020-09-24,0.0,4237.0,758644.0,0.0,422.14,92221.0,,,73.61
2020-09-25,0.0,4237.0,758644.0,0.0,422.14,92221.0,,,73.61
2020-09-26,0.0,4237.0,758644.0,0.0,422.14,92221.0,,,73.61
2020-09-27,33716.0,4816.57,792360.0,2840.0,405.71,95061.0,,,73.61
2020-09-28,0.0,4816.57,792360.0,0.0,405.71,95061.0,,,73.61
2020-09-29,0.0,4816.57,792360.0,0.0,405.71,95061.0,,,73.61
2020-09-30,0.0,4816.57,792360.0,0.0,405.71,95061.0,,,73.61
2020-10-01,0.0,4816.57,792360.0,0.0,405.71,95061.0,,,73.61
2020-10-02,0.0,4816.57,792360.0,0.0,405.71,95061.0,,,73.61
2020-10-03,0.0,4816.57,792360.0,0.0,405.71,95061.0,,,73.61
2020-10-04,32636.0,4662.29,824996.0,2586.0,369.43,97647.0,,,73.61
2020-10-05,0.0,4662.29,824996.0,0.0,369.43,97647.0,,,73.61
2020-10-06,0.0,4662.29,824996.0,0.0,369.43,97647.0,,,73.61
2020-10-07,0.0,4662.29,824996.0,0.0,369.43,97647.0,,,73.61
2020-10-08,0.0,4662.29,824996.0,0.0,369.43,97647.0,,,73.61
2020-10-09,0.0,4662.29,824996.0,0.0,369.43,97647.0,,,71.76
2020-10-10,0.0,4662.29,824996.0,0.0,369.43,97647.0,,,71.76
2020-10-11,33071.0,4724.43,858067.0,2488.0,355.43,100135.0,,,71.76
2020-10-12,0.0,4724.43,858067.0,0.0,355.43,100135.0,,,71.76
2020-10-13,0.0,4724.43,858067.0,0.0,355.43,100135.0,,,71.76
2020-10-14,0.0,4724.43,858067.0,0.0,355.43,100135.0,,,71.76
2020-10-15,0.0,4724.43,858067.0,0.0,355.43,100135.0,,,71.76
2020-10-16,0.0,4724.43,858067.0,0.0,355.43,100135.0,,,71.76
2020-10-17,0.0,4724.43,858067.0,0.0,355.43,100135.0,,,71.76
2020-10-18,38778.0,5539.71,896845.0,2689.0,384.14,102824.0,,,71.76
2020-10-19,0.0,5539.71,896845.0,0.0,384.14,102824.0,,,71.76
2020-10-20,0.0,5539.71,896845.0,0.0,384.14,102824.0,,,71.76
2020-10-21,0.0,5539.71,896845.0,0.0,384.14,102824.0,,,71.76
2020-10-22,0.0,5539.71,896845.0,0.0,384.14,102824.0,,,71.76
2020-10-23,0.0,5539.71,896845.0,0.0,384.14,102824.0,,,71.76
2020-10-24,0.0,5539.71,896845.0,0.0,384.14,102824.0,,,71.76
2020-10-25,44301.0,6328.71,941146.0,3107.0,443.86,105931.0,,,71.76
2020-10-26,0.0,6328.71,941146.0,0.0,443.86,105931.0,,,71.76
2020-10-27,0.0,6328.71,941146.0,0.0,443.86,105931.0,,,71.76
2020-10-28,0.0,6328.71,941146.0,0.0,443.86,105931.0,,,71.76
2020-10-29,0.0,6328.71,941146.0,0.0,443.86,105931.0,,,71.76
2020-10-30,0.0,6328.71,941146.0,0.0,443.86,105931.0,,,71.76
2020-10-31,0.0,6328.71,941146.0,0.0,443.86,105931.0,,,71.76
2020-11-01,42679.0,6097.0,983825.0,3336.0,476.57,109267.0,,,71.76
2020-11-02,0.0,6097.0,983825.0,0.0,476.57,109267.0,,,71.76
2020-11-03,0.0,6097.0,983825.0,0.0,476.57,109267.0,,,71.76
2020-11-04,0.0,6097.0,983825.0,0.0,476.57,109267.0,,,71.76
2020-11-05,0.0,6097.0,983825.0,0.0,476.57,109267.0,,,71.76
2020-11-06,0.0,6097.0,983825.0,0.0,476.57,109267.0,,,71.76
2020-11-07,0.0,6097.0,983825.0,0.0,476.57,109267.0,,,71.76
2020-11-08,40741.0,5820.14,1024566.0,3482.0,497.43,112749.0,,,71.76
2020-11-09,0.0,5820.14,1024566.0,0.0,497.43,112749.0,,,71.76
2020-11-10,0.0,5820.14,1024566.0,0.0,497.43,112749.0,,,71.76
2020-11-11,0.0,5820.14,1024566.0,0.0,497.43,112749.0,,,71.76
2020-11-12,0.0,5820.14,1024566.0,0.0,497.43,112749.0,,,71.76
2020-11-13,0.0,5820.14,1024566.0,0.0,497.43,112749.0,,,71.76
2020-11-14,0.0,5820.14,1024566.0,0.0,497.43,112749.0,,,71.76
2020-11-15,48200.0,6885.71,1072766.0,3561.0,508.71,116310.0,,,71.76
2020-11-16,0.0,6885.71,1072766.0,0.0,508.71,116310.0,,,71.76
2020-11-17,0.0,6885.71,1072766.0,0.0,508.71,116310.0,,,71.76
2020-11-18,0.0,6885.71,1072766.0,0.0,508.71,116310.0,,,71.76
2020-11-19,0.0,6885.71,1072766.0,0.0,508.71,116310.0,,,71.76
2020-11-20,0.0,6885.71,1072766.0,0.0,508.71,116310.0,,,71.76
2020-11-21,0.0,6885.71,1072766.0,0.0,508.71,116310.0,,,71.76
2020-11-22,44816.0,6402.29,1117582.0,3709.0,529.86,120019.0,,,71.76
2020-11-23,0.0,6402.29,1117582.0,0.0,529.86,120019.0,,,71.76
2020-11-24,0.0,6402.29,1117582.0,0.0,529.86,120019.0,,,71.76
2020-11-25,0.0,6402.29,1117582.0,0.0,529.86,120019.0,,,71.76
2020-11-26,0.0,6402.29,1117582.0,0.0,529.86,120019.0,,,71.76
2020-11-27,0.0,6402.29,1117582.0,0.0,529.86,120019.0,,,71.76
2020-11-28,0.0,6402.29,1117582.0,0.0,529.86,120019.0,,,71.76
2020-11-29,56457.0,8065.29,1174039.0,4060.0,580.0,124079.0,,,71.76
2020-11-30,0.0,8065.29,1174039.0,0.0,580.0,124079.0,,,71.76
2020-12-01,0.0,8065.29,1174039.0,0.0,580.0,124079.0,,,71.76
2020-12-02,0.0,8065.29,1174039.0,0.0,580.0,124079.0,,,71.76
2020-12-03,0.0,8065.29,1174039.0,0.0,580.0,124079.0,,,71.76
2020-12-04,0.0,8065.29,1174039.0,0.0,580.0,124079.0,,,71.76
2020-12-05,0.0,8065.29,1174039.0,0.0,580.0,124079.0,,,71.76
2020-12-06,64076.0,9153.71,1238115.0,4235.0,605.0,128314.0,,,71.76
2020-12-07,0.0,9153.71,1238115.0,0.0,605.0,128314.0,,,71.76
2020-12-08,0.0,9153.71,1238115.0,0.0,605.0,128314.0,,,71.76
2020-12-09,0.0,9153.71,1238115.0,0.0,605.0,128314.0,,,71.76
2020-12-10,0.0,9153.71,1238115.0,0.0,605.0,128314.0,,,71.76
2020-12-11,0.0,9153.71,1238115.0,0.0,605.0,128314.0,,,71.76
2020-12-12,0.0,9153.71,1238115.0,0.0,605.0,128314.0,,,71.76
2020-12-13,73050.0,10435.71,1311165.0,4644.0,663.43,132958.0,,,71.76
2020-12-14,0.0,10435.71,1311165.0,0.0,663.43,132958.0,,,71.76
2020-12-15,0.0,10435.71,1311165.0,0.0,663.43,132958.0,,,71.76
2020-12-16,0.0,10435.71,1311165.0,0.0,663.43,132958.0,,,71.76
2020-12-17,0.0,10435.71,1311165.0,0.0,663.43,132958.0,,,71.76
2020-12-18,0.0,10435.71,1311165.0,0.0,663.43,132958.0,,,71.76
2020-12-19,0.0,10435.71,1311165.0,0.0,663.43,132958.0,,,71.76
2020-12-20,77433.0,11061.86,1388598.0,5157.0,736.71,138115.0,,,71.76
2020-12-21,0.0,11061.86,1388598.0,0.0,736.71,138115.0,,,71.76
2020-12-22,0.0,11061.86,1388598.0,0.0,736.71,138115.0,,,71.76
2020-12-23,0.0,11061.86,1388598.0,0.0,736.71,138115.0,,,71.76
2020-12-24,0.0,11061.86,1388598.0,0.0,736.71,138115.0,,,71.76
2020-12-25,0.0,11061.86,1388598.0,0.0,736.71,138115.0,,,71.76
2020-12-26,0.0,11061.86,1388598.0,0.0,736.71,138115.0,,,71.76
2020-12-27,64816.0,9259.43,1453414.0,5775.0,825.0,143890.0,,,71.76
2020-12-28,0.0,9259.43,1453414.0,0.0,825.0,143890.0,,,71.76
2020-12-29,0.0,9259.43,1453414.0,0.0,825.0,143890.0,,,71.76
2020-12-30,0.0,9259.43,1453414.0,0.0,825.0,143890.0,,,71.76
2020-12-31,0.0,9259.43,1453414.0,0.0,825.0,143890.0,,,71.76
2021-01-01,0.0,9259.43,1453414.0,0.0,825.0,143890.0,,,71.76
2021-01-02,0.0,9259.43,1453414.0,0.0,825.0,143890.0,,,71.76
2021-01-03,72877.0,10411.0,1526291.0,6552.0,936.0,150442.0,,,71.76
2021-01-04,0.0,10411.0,1526291.0,0.0,936.0,150442.0,,,71.76
2021-01-05,0.0,10411.0,1526291.0,0.0,936.0,150442.0,,,71.76
2021-01-06,0.0,10411.0,1526291.0,0.0,936.0,150442.0,,,71.76
2021-01-07,0.0,10411.0,1526291.0,0.0,936.0,150442.0,,,71.76
2021-01-08,0.0,10411.0,1526291.0,0.0,936.0,150442.0,,,71.76
2021-01-09,0.0,10411.0,1526291.0,0.0,936.0,150442.0,,,71.76
2021-01-10,105375.0,15053.57,1631666.0,7632.0,1090.29,158074.0,,,71.76
2021-01-11,0.0,15053.57,1631666.0,0.0,1090.29,158074.0,,,71.76
2021-01-12,0.0,15053.57,1631666.0,0.0,1090.29,158074.0,,,71.76
2021-01-13,0.0,15053.57,1631666.0,0.0,1090.29,158074.0,,,71.76
2021-01-14,0.0,15053.57,1631666.0,0.0,1090.29,158074.0,,,71.76
2021-01-15,0.0,15053.57,1631666.0,0.0,1090.29,158074.0,,,71.76
2021-01-16,0.0,15053.57,1631666.0,0.0,1090.29,158074.0,,,71.76
2021-01-17,110588.0,15798.29,1742254.0,8745.0,1249.29,166819.0,,,71.76
2021-01-18,0.0,15798.29,1742254.0,0.0,1249.29,166819.0,,,71.76
2021-01-19,0.0,15798.29,1742254.0,0.0,1249.29,166819.0,,,71.76
2021-01-20,0.0,15798.29,1742254.0,0.0,1249.29,166819.0,,,71.76
2021-01-21,0.0,15798.29,1742254.0,0.0,1249.29,166819.0,,,71.76
2021-01-22,0.0,15798.29,1742254.0,0.0,1249.29,166819.0,,,71.76
2021-01-23,0.0,15798.29,1742254.0,0.0,1249.29,166819.0,,,71.76
2021-01-24,104374.0,14910.57,1846628.0,9877.0,1411.0,176696.0,,,71.76
2021-01-25,0.0,14910.57,1846628.0,0.0,1411.0,176696.0,,,71.76
2021-01-26,0.0,14910.57,1846628.0,0.0,1411.0,176696.0,,,71.76
2021-01-27,0.0,14910.57,1846628.0,0.0,1411.0,176696.0,,,71.76
2021-01-28,0.0,14910.57,1846628.0,0.0,1411.0,176696.0,,,71.76
2021-01-29,0.0,14910.57,1846628.0,0.0,1411.0,176696.0,,,71.76
2021-01-30,0.0,14910.57,1846628.0,0.0,1411.0,176696.0,,,71.76
2021-01-31,90123.0,12874.71,1936751.0,9495.0,1356.43,186191.0,,,71.76
2021-02-01,0.0,12874.71,1936751.0,0.0,1356.43,186191.0,,,71.76
2021-02-02,0.0,12874.71,1936751.0,0.0,1356.43,186191.0,,,71.76
2021-02-03,0.0,12874.71,1936751.0,0.0,1356.43,186191.0,,,71.76
2021-02-04,0.0,12874.71,1936751.0,0.0,1356.43,186191.0,,,71.76
2021-02-05,0.0,12874.71,1936751.0,0.0,1356.43,186191.0,,,71.76
2021-02-06,0.0,12874.71,1936751.0,0.0,1356.43,186191.0,,,71.76
2021-02-07,61598.0,8799.71,1998349.0,8292.0,1184.57,194483.0,,,71.76
2021-02-08,0.0,8799.71,1998349.0,0.0,1184.57,194483.0,,,71.76
2021-02-09,0.0,8799.71,1998349.0,0.0,1184.57,194483.0,,,68.98
2021-02-10,0.0,8799.71,1998349.0,0.0,1184.57,194483.0,,,68.98
2021-02-11,0.0,8799.71,1998349.0,0.0,1184.57,194483.0,,,68.98
2021-02-12,0.0,8799.71,1998349.0,0.0,1184.57,194483.0,,,68.98
2021-02-13,0.0,8799.71,1998349.0,0.0,1184.57,194483.0,,,68.98
2021-02-14,53192.0,7598.86,2051541.0,6731.0,961.57,201214.0,,,68.98
2021-02-15,0.0,7598.86,2051541.0,0.0,961.57,201214.0,,,64.35
2021-02-16,0.0,7598.86,2051541.0,0.0,961.57,201214.0,,,64.35
2021-02-17,0.0,7598.86,2051541.0,0.0,961.57,201214.0,,,64.35
2021-02-18,0.0,7598.86,2051541.0,0.0,961.57,201214.0,,,64.35
2021-02-19,0.0,7598.86,2051541.0,0.0,961.57,201214.0,,,64.35
2021-02-20,0.0,7598.86,2051541.0,0.0,961.57,201214.0,,,64.35
2021-02-21,43136.0,6162.29,2094677.0,5321.0,760.14,206535.0,,,64.35
2021-02-22,0.0,6162.29,2094677.0,0.0,760.14,206535.0,,,64.35
2021-02-23,0.0,6162.29,2094677.0,0.0,760.14,206535.0,,,60.65
2021-02-24,0.0,6162.29,2094677.0,0.0,760.14,206535.0,,,60.65
2021-02-25,0.0,6162.29,2094677.0,0.0,760.14,206535.0,,,60.65
2021-02-26,0.0,6162.29,2094677.0,0.0,760.14,206535.0,,,60.65
2021-02-27,0.0,6162.29,2094677.0,0.0,760.14,206535.0,,,60.65
2021-02-28,42204.0,6029.14,2136881.0,4449.0,635.57,210984.0,,,60.65
2021-03-01,0.0,6029.14,2136881.0,0.0,635.57,210984.0,,,60.65
2021-03-02,0.0,6029.14,2136881.0,0.0,635.57,210984.0,,,47.22
2021-03-03,0.0,6029.14,2136881.0,0.0,635.57,210984.0,,,47.22
2021-03-04,0.0,6029.14,2136881.0,0.0,635.57,210984.0,,,47.22
2021-03-05,0.0,6029.14,2136881.0,0.0,635.57,210984.0,,,47.22
2021-03-06,0.0,6029.14,2136881.0,0.0,635.57,210984.0,,,47.22
2021-03-07,40192.0,5741.71,2177073.0,3889.0,555.57,214873.0,,,47.22
2021-03-08,0.0,5741.71,2177073.0,0.0,555.57,214873.0,,,47.22
2021-03-09,0.0,5741.71,2177073.0,0.0,555.57,214873.0,,,47.22
2021-03-10,0.0,5741.71,2177073.0,0.0,555.57,214873.0,,,47.22
2021-03-11,0.0,5741.71,2177073.0,0.0,555.57,214873.0,,,47.22
2021-03-12,0.0,5741.71,2177073.0,0.0,555.57,214873.0,,,47.22
2021-03-13,0.0,5741.71,2177073.0,0.0,555.57,214873.0,,,47.22
2021-03-14,34305.0,4900.71,2211378.0,3411.0,487.29,218284.0,,,47.22
2021-03-15,0.0,4900.71,2211378.0,0.0,487.29,218284.0,,,47.22
2021-03-16,0.0,4900.71,2211378.0,0.0,487.29,218284.0,,,47.22
2021-03-17,0.0,4900.71,2211378.0,0.0,487.29,218284.0,,,47.22
2021-03-18,0.0,4900.71,2211378.0,0.0,487.29,218284.0,,,47.22
2021-03-19,0.0,4900.71,2211378.0,0.0,487.29,218284.0,,,47.22
2021-03-20,0.0,4900.71,2211378.0,0.0,487.29,218284.0,,,47.22
2021-03-21,28302.0,4043.14,2239680.0,2881.0,411.57,221165.0,,,47.22
2021-03-22,0.0,4043.14,2239680.0,0.0,411.57,221165.0,,,47.22
2021-03-23,0.0,4043.14,2239680.0,0.0,411.57,221165.0,,,47.22
2021-03-24,0.0,4043.14,2239680.0,0.0,411.57,221165.0,,,47.22
2021-03-25,0.0,4043.14,2239680.0,0.0,411.57,221165.0,,,47.22
2021-03-26,0.0,4043.14,2239680.0,0.0,411.57,221165.0,,,47.22
2021-03-27,0.0,4043.14,2239680.0,0.0,411.57,221165.0,,,47.22
2021-03-28,28664.0,4094.86,2268344.0,2442.0,348.86,223607.0,,,47.22
2021-03-29,0.0,4094.86,2268344.0,0.0,348.86,223607.0,,,47.22
2021-03-30,0.0,4094.86,2268344.0,0.0,348.86,223607.0,,,47.22
2021-03-31,0.0,4094.86,2268344.0,0.0,348.86,223607.0,,,47.22
2021-04-01,0.0,4094.86,2268344.0,0.0,348.86,223607.0,,,47.22
2021-04-02,0.0,4094.86,2268344.0,0.0,348.86,223607.0,,,47.22
2021-04-03,0.0,4094.86,2268344.0,0.0,348.86,223607.0,,,47.22
2021-04-04,21218.0,3031.14,2289562.0,2273.0,324.71,225880.0,,,47.22
2021-04-05,0.0,3031.14,2289562.0,0.0,324.71,225880.0,,,47.22
2021-04-06,0.0,3031.14,2289562.0,0.0,324.71,225880.0,,,47.22
2021-04-07,0.0,3031.14,2289562.0,0.0,324.71,225880.0,,,47.22
2021-04-08,0.0,3031.14,2289562.0,0.0,324.71,225880.0,,,47.22
2021-04-09,0.0,3031.14,2289562.0,0.0,324.71,225880.0,,,47.22
2021-04-10,0.0,3031.14,2289562.0,0.0,324.71,225880.0,,,47.22
2021-04-11,26011.0,3715.86,2315573.0,2060.0,294.29,227940.0,,,47.22
2021-04-12,0.0,3715.86,2315573.0,0.0,294.29,227940.0,,,44.44
2021-04-13,0.0,3715.86,2315573.0,0.0,294.29,227940.0,,,44.44
2021-04-14,0.0,3715.86,2315573.0,0.0,294.29,227940.0,,,44.44
2021-04-15,0.0,3715.86,2315573.0,0.0,294.29,227940.0,,,44.44
2021-04-16,0.0,3715.86,2315573.0,0.0,294.29,227940.0,,,44.44
2021-04-17,0.0,3715.86,2315573.0,0.0,294.29,227940.0,,,44.44
2021-04-18,23767.0,3395.29,2339340.0,1923.0,274.71,229863.0,,,44.44
2021-04-19,0.0,3395.29,2339340.0,0.0,274.71,229863.0,,,44.44
2021-04-20,0.0,3395.29,2339340.0,0.0,274.71,229863.0,,,44.44
2021-04-21,0.0,3395.29,2339340.0,0.0,274.71,229863.0,,,44.44
2021-04-22,0.0,3395.29,2339340.0,0.0,274.71,229863.0,,,44.44
2021-04-23,0.0,3395.29,2339340.0,0.0,274.71,229863.0,,,44.44
2021-04-24,0.0,3395.29,2339340.0,0.0,274.71,229863.0,,,44.44
2021-04-25,20925.0,2989.29,2360265.0,1611.0,230.14,231474.0,,,44.44
2021-04-26,0.0,2989.29,2360265.0,0.0,230.14,231474.0,,,44.44
2021-04-27,0.0,2989.29,2360265.0,0.0,230.14,231474.0,,,44.44
2021-04-28,0.0,2989.29,2360265.0,0.0,230.14,231474.0,,,44.44
2021-04-29,0.0,2989.29,2360265.0,0.0,230.14,231474.0,,,44.44
2021-04-30,0.0,2989.29,2360265.0,0.0,230.14,231474.0,,,44.44
2021-05-01,0.0,2989.29,2360265.0,0.0,230.14,231474.0,,,44.44
2021-05-02,19142.0,2734.57,2379407.0,1400.0,200.0,232874.0,,,44.44
2021-05-03,0.0,2734.57,2379407.0,0.0,200.0,232874.0,,,44.44
2021-05-04,0.0,2734.57,2379407.0,0.0,200.0,232874.0,,,44.44
2021-05-05,0.0,2734.57,2379407.0,0.0,200.0,232874.0,,,44.44
2021-05-06,0.0,2734.57,2379407.0,0.0,200.0,232874.0,,,44.44
2021-05-07,0.0,2734.57,2379407.0,0.0,200.0,232874.0,,,44.44
2021-05-08,0.0,2734.57,2379407.0,0.0,200.0,232874.0,,,44.44
2021-05-09,16175.0,2310.71,2395582.0,1164.0,166.29,234038.0,,,44.44
2021-05-10,0.0,2310.71,2395582.0,0.0,166.29,234038.0,,,44.44
2021-05-11,0.0,2310.71,2395582.0,0.0,166.29,234038.0,,,44.44
2021-05-12,0.0,2310.71,2395582.0,0.0,166.29,234038.0,,,44.44
2021-05-13,0.0,2310.71,2395582.0,0.0,166.29,234038.0,,,44.44
2021-05-14,0.0,2310.71,2395582.0,0.0,166.29,234038.0,,,44.44
2021-05-15,0.0,2310.71,2395582.0,0.0,166.29,234038.0,,,44.44
2021-05-16,14482.0,2068.86,2410064.0,963.0,137.57,235001.0,,,44.44
2021-05-17,0.0,2068.86,2410064.0,0.0,137.57,235001.0,,,44.44
2021-05-18,0.0,2068.86,2410064.0,0.0,137.57,235001.0,,,44.44
2021-05-19,0.0,2068.86,2410064.0,0.0,137.57,235001.0,,,44.44
2021-05-20,0.0,2068.86,2410064.0,0.0,137.57,235001.0,,,44.44
2021-05-21,0.0,2068.86,2410064.0,0.0,137.57,235001.0,,,44.44
2021-05-22,0.0,2068.86,2410064.0,0.0,137.57,235001.0,,,44.44
2021-05-23,14750.0,2107.14,2424814.0,827.0,118.14,235828.0,,,44.44
2021-05-24,0.0,2107.14,2424814.0,0.0,118.14,235828.0,,,44.44
2021-05-25,0.0,2107.14,2424814.0,0.0,118.14,235828.0,,,44.44
2021-05-26,0.0,2107.14,2424814.0,0.0,118.14,235828.0,,,44.44
2021-05-27,0.0,2107.14,2424814.0,0.0,118.14,235828.0,,,44.44
2021-05-28,0.0,2107.14,2424814.0,0.0,118.14,235828.0,,,44.44
2021-05-29,0.0,2107.14,2424814.0,0.0,118.14,235828.0,,,44.44
2021-05-30,15313.0,2187.57,2440127.0,746.0,106.57,236574.0,,,44.44
2021-05-31,0.0,2187.57,2440127.0,0.0,106.57,236574.0,,,44.44
2021-06-01,0.0,2187.57,2440127.0,0.0,106.57,236574.0,,,44.44
2021-06-02,0.0,2187.57,2440127.0,0.0,106.57,236574.0,,,44.44
2021-06-03,0.0,2187.57,2440127.0,0.0,106.57,236574.0,,,44.44
2021-06-04,0.0,2187.57,2440127.0,0.0,106.57,236574.0,,,44.44
2021-06-05,0.0,2187.57,2440127.0,0.0,106.57,236574.0,,,44.44
2021-06-06,16193.0,2313.29,2456320.0,654.0,93.43,237228.0,,,44.44
2021-06-07,0.0,2313.29,2456320.0,0.0,93.43,237228.0,,,44.44
2021-06-08,0.0,2313.29,2456320.0,0.0,93.43,237228.0,,,44.44
2021-06-09,0.0,2313.29,2456320.0,0.0,93.43,237228.0,,,44.44
2021-06-10,0.0,2313.29,2456320.0,0.0,93.43,237228.0,,,44.44
2021-06-11,0.0,2313.29,2456320.0,0.0,93.43,237228.0,,,44.44
2021-06-12,0.0,2313.29,2456320.0,0.0,93.43,237228.0,,,44.44
2021-06-13,19451.0,2778.71,2475771.0,708.0,101.14,237936.0,,,44.44
2021-06-14,0.0,2778.71,2475771.0,0.0,101.14,237936.0,,,44.44
2021-06-15,0.0,2778.71,2475771.0,0.0,101.14,237936.0,,,44.44
2021-06-16,0.0,2778.71,2475771.0,0.0,101.14,237936.0,,,44.44
2021-06-17,0.0,2778.71,2475771.0,0.0,101.14,237936.0,,,44.44
2021-06-18,0.0,2778.71,2475771.0,0.0,101.14,237936.0,,,44.44
2021-06-19,0.0,2778.71,2475771.0,0.0,101.14,237936.0,,,44.44
2021-06-20,22779.0,3254.14,2498550.0,686.0,98.0,238622.0,,,44.44
2021-06-21,0.0,3254.14,2498550.0,0.0,98.0,238622.0,,,44.44
2021-06-22,0.0,3254.14,2498550.0,0.0,98.0,238622.0,,,44.44
2021-06-23,0.0,3254.14,2498550.0,0.0,98.0,238622.0,,,44.44
2021-06-24,0.0,3254.14,2498550.0,0.0,98.0,238622.0,,,44.44
2021-06-25,0.0,3254.14,2498550.0,0.0,98.0,238622.0,,,44.44
2021-06-26,0.0,3254.14,2498550.0,0.0,98.0,238622.0,,,44.44
2021-06-27,29738.0,4248.29,2528288.0,769.0,109.86,239391.0,,,44.44
2021-06-28,0.0,4248.29,2528288.0,0.0,109.86,239391.0,,,44.44
2021-06-29,0.0,4248.29,2528288.0,0.0,109.86,239391.0,,,44.44
2021-06-30,0.0,4248.29,2528288.0,0.0,109.86,239391.0,,,44.44
2021-07-01,0.0,4248.29,2528288.0,0.0,109.86,239391.0,,,44.44
2021-07-02,0.0,4248.29,2528288.0,0.0,109.86,239391.0,,,44.44
2021-07-03,0.0,4248.29,2528288.0,0.0,109.86,239391.0,,,44.44
2021-07-04,37423.0,5346.14,2565711.0,931.0,133.0,240322.0,,,44.44
2021-07-05,0.0,5346.14,2565711.0,0.0,133.0,240322.0,,,44.44
2021-07-06,0.0,5346.14,2565711.0,0.0,133.0,240322.0,,,44.44
2021-07-07,0.0,5346.14,2565711.0,0.0,133.0,240322.0,,,44.44
2021-07-08,0.0,5346.14,2565711.0,0.0,133.0,240322.0,,,44.44
2021-07-09,0.0,5346.14,2565711.0,0.0,133.0,240322.0,,,44.44
2021-07-10,0.0,5346.14,2565711.0,0.0,133.0,240322.0,,,44.44
2021-07-11,55106.0,7872.29,2620817.0,1114.0,159.14,241436.0,,,44.44
2021-07-12,0.0,7872.29,2620817.0,0.0,159.14,241436.0,,,44.44
2021-07-13,0.0,7872.29,2620817.0,0.0,159.14,241436.0,,,44.44
2021-07-14,0.0,7872.29,2620817.0,0.0,159.14,241436.0,,,44.44
2021-07-15,0.0,7872.29,2620817.0,0.0,159.14,241436.0,,,44.44
2021-07-16,0.0,7872.29,2620817.0,0.0,159.14,241436.0,,,44.44
2021-07-17,0.0,7872.29,2620817.0,0.0,159.14,241436.0,,,44.44
2021-07-18,78515.0,11216.43,2699332.0,1460.0,208.57,242896.0,,,44.44
2021-07-19,0.0,11216.43,2699332.0,0.0,208.57,242896.0,,,44.44
2021-07-20,0.0,11216.43,2699332.0,0.0,208.57,242896.0,,,44.44
2021-07-21,0.0,11216.43,2699332.0,0.0,208.57,242896.0,,,44.44
2021-07-22,0.0,11216.43,2699332.0,0.0,208.57,242896.0,,,44.44
2021-07-23,0.0,11216.43,2699332.0,0.0,208.57,242896.0,,,44.44
2021-07-24,0.0,11216.43,2699332.0,0.0,208.57,242896.0,,,44.44
2021-07-25,102995.0,14713.57,2802327.0,2197.0,313.86,245093.0,,,44.44
2021-07-26,0.0,14713.57,2802327.0,0.0,313.86,245093.0,,,67.13
2021-07-27,0.0,14713.57,2802327.0,0.0,313.86,245093.0,,,67.13
2021-07-28,0.0,14713.57,2802327.0,0.0,313.86,245093.0,,,67.13
2021-07-29,0.0,14713.57,2802327.0,0.0,313.86,245093.0,,,67.13
2021-07-30,0.0,14713.57,2802327.0,0.0,313.86,245093.0,,,67.13
2021-07-31,0.0,14713.57,2802327.0,0.0,313.86,245093.0,,,67.13
2021-08-01,122311.0,17473.0,2924638.0,3135.0,447.86,248228.0,,,67.13
2021-08-02,0.0,17473.0,2924638.0,0.0,447.86,248228.0,,,67.13
2021-08-03,0.0,17473.0,2924638.0,0.0,447.86,248228.0,,,67.13
2021-08-04,0.0,17473.0,2924638.0,0.0,447.86,248228.0,,,67.13
2021-08-05,0.0,17473.0,2924638.0,0.0,447.86,248228.0,,,67.13
2021-08-06,0.0,17473.0,2924638.0,0.0,447.86,248228.0,,,67.13
2021-08-07,0.0,17473.0,2924638.0,0.0,447.86,248228.0,,,67.13
2021-08-08,128282.0,18326.0,3052920.0,4191.0,598.71,252419.0,,,67.13
2021-08-09,0.0,18326.0,3052920.0,0.0,598.71,252419.0,,,67.13
2021-08-10,0.0,18326.0,3052920.0,0.0,598.71,252419.0,,,67.13
2021-08-11,0.0,18326.0,3052920.0,0.0,598.71,252419.0,,,67.13
2021-08-12,0.0,18326.0,3052920.0,0.0,598.71,252419.0,,,67.13
2021-08-13,0.0,18326.0,3052920.0,0.0,598.71,252419.0,,,67.13
2021-08-14,0.0,18326.0,3052920.0,0.0,598.71,252419.0,,,67.13
2021-08-15,135141.0,19305.86,3188061.0,4909.0,701.29,257328.0,,,67.13
2021-08-16,0.0,19305.86,3188061.0,0.0,701.29,257328.0,,,67.13
2021-08-17,0.0,19305.86,3188061.0,0.0,701.29,257328.0,,,67.13
2021-08-18,0.0,19305.86,3188061.0,0.0,701.29,257328.0,,,67.13
2021-08-19,0.0,19305.86,3188061.0,0.0,701.29,257328.0,,,67.13
2021-08-20,0.0,19305.86,3188061.0,0.0,701.29,257328.0,,,67.13
2021-08-21,0.0,19305.86,3188061.0,0.0,701.29,257328.0,,,67.13
2021-08-22,120883.0,17269.0,3308944.0,5528.0,789.71,262856.0,,,67.13
2021-08-23,0.0,17269.0,3308944.0,0.0,789.71,262856.0,,,67.13
2021-08-24,0.0,17269.0,3308944.0,0.0,789.71,262856.0,,,67.13
2021-08-25,0.0,17269.0,3308944.0,0.0,789.71,262856.0,,,67.13
2021-08-26,0.0,17269.0,3308944.0,0.0,789.71,262856.0,,,67.13
2021-08-27,0.0,17269.0,3308944.0,0.0,789.71,262856.0,,,67.13
2021-08-28,0.0,17269.0,3308944.0,0.0,789.71,262856.0,,,67.13
2021-08-29,103015.0,14716.43,3411959.0,5539.0,791.29,268395.0,,,67.13
2021-08-30,0.0,14716.43,3411959.0,0.0,791.29,268395.0,,,61.57
2021-08-31,0.0,14716.43,3411959.0,0.0,791.29,268395.0,,,61.57
2021-09-01,0.0,14716.43,3411959.0,0.0,791.29,268395.0,,,61.57
2021-09-02,0.0,14716.43,3411959.0,0.0,791.29,268395.0,,,61.57
2021-09-03,0.0,14716.43,3411959.0,0.0,791.29,268395.0,,,61.57
2021-09-04,0.0,14716.43,3411959.0,0.0,791.29,268395.0,,,61.57
2021-09-05,87342.0,12477.43,3499301.0,5103.0,729.0,273498.0,,,61.57
2021-09-06,0.0,12477.43,3499301.0,0.0,729.0,273498.0,,,38.89
2021-09-07,0.0,12477.43,3499301.0,0.0,729.0,273498.0,,,38.89
2021-09-08,0.0,12477.43,3499301.0,0.0,729.0,273498.0,,,38.89
2021-09-09,0.0,12477.43,3499301.0,0.0,729.0,273498.0,,,38.89
2021-09-10,0.0,12477.43,3499301.0,0.0,729.0,273498.0,,,38.89
2021-09-11,0.0,12477.43,3499301.0,0.0,729.0,273498.0,,,38.89
2021-09-12,76284.0,10897.71,3575585.0,4561.0,651.57,278059.0,,,38.89
2021-09-13,0.0,10897.71,3575585.0,0.0,651.57,278059.0,,,38.89
2021-09-14,0.0,10897.71,3575585.0,0.0,651.57,278059.0,,,38.89
2021-09-15,0.0,10897.71,3575585.0,0.0,651.57,278059.0,,,38.89
2021-09-16,0.0,10897.71,3575585.0,0.0,651.57,278059.0,,,38.89
2021-09-17,0.0,10897.71,3575585.0,0.0,651.57,278059.0,,,38.89
2021-09-18,0.0,10897.71,3575585.0,0.0,651.57,278059.0,,,38.89
2021-09-19,57961.0,8280.14,3633546.0,3950.0,564.29,282009.0,,,38.89
2021-09-20,0.0,8280.14,3633546.0,0.0,564.29,282009.0,,,38.89
2021-09-21,0.0,8280.14,3633546.0,0.0,564.29,282009.0,,,38.89
2021-09-22,0.0,8280.14,3633546.0,0.0,564.29,282009.0,,,38.89
2021-09-23,0.0,8280.14,3633546.0,0.0,564.29,282009.0,,,38.89
2021-09-24,0.0,8280.14,3633546.0,0.0,564.29,282009.0,,,38.89
2021-09-25,0.0,8280.14,3633546.0,0.0,564.29,282009.0,,,38.89
2021-09-26,58868.0,8409.71,3692414.0,3416.0,488.0,285425.0,,,38.89
2021-09-27,0.0,8409.71,3692414.0,0.0,488.0,285425.0,,,38.89
2021-09-28,0.0,8409.71,3692414.0,0.0,488.0,285425.0,,,38.89
2021-09-29,0.0,8409.71,3692414.0,0.0,488.0,285425.0,,,38.89
2021-09-30,0.0,8409.71,3692414.0,0.0,488.0,285425.0,,,38.89
2021-10-01,0.0,8409.71,3692414.0,0.0,488.0,285425.0,,,38.89
2021-10-02,0.0,8409.71,3692414.0,0.0,488.0,285425.0,,,38.89
2021-10-03,44758.0,6394.0,3737172.0,2863.0,409.0,288288.0,,,38.89
2021-10-04,0.0,6394.0,3737172.0,0.0,409.0,288288.0,,,38.89
2021-10-05,0.0,6394.0,3737172.0,0.0,409.0,288288.0,,,38.89
2021-10-06,0.0,6394.0,3737172.0,0.0,409.0,288288.0,,,38.89
2021-10-07,0.0,6394.0,3737172.0,0.0,409.0,288288.0,,,38.89
2021-10-08,0.0,6394.0,3737172.0,0.0,409.0,288288.0,,,38.89
2021-10-09,0.0,6394.0,3737172.0,0.0,409.0,288288.0,,,38.89
2021-10-10,36194.0,5170.57,3773366.0,2389.0,341.29,290677.0,,,38.89
2021-10-11,0.0,5170.57,3773366.0,0.0,341.29,290677.0,,,38.89
2021-10-12,0.0,5170.57,3773366.0,0.0,341.29,290677.0,,,38.89
2021-10-13,0.0,5170.57,3773366.0,0.0,341.29,290677.0,,,38.89
2021-10-14,0.0,5170.57,3773366.0,0.0,341.29,290677.0,,,38.89
2021-10-15,0.0,5170.57,3773366.0,0.0,341.29,290677.0,,,38.89
2021-10-16,0.0,5170.57,3773366.0,0.0,341.29,290677.0,,,38.89
2021-10-17,31059.0,4437.0,3804425.0,2006.0,286.57,292683.0,,,38.89
2021-10-18,0.0,4437.0,3804425.0,0.0,286.57,292683.0,,,38.89
2021-10-19,0.0,4437.0,3804425.0,0.0,286.57,292683.0,,,38.89
2021-10-20,0.0,4437.0,3804425.0,0.0,286.57,292683.0,,,38.89
2021-10-21,0.0,4437.0,3804425.0,0.0,286.57,292683.0,,,38.89
2021-10-22,0.0,4437.0,3804425.0,0.0,286.57,292683.0,,,38.89
2021-10-23,0.0,4437.0,3804425.0,0.0,286.57,292683.0,,,38.89
2021-10-24,25762.0,3680.29,3830187.0,1633.0,233.29,294316.0,,,38.89
2021-10-25,0.0,3680.29,3830187.0,0.0,233.29,294316.0,,,38.89
2021-10-26,0.0,3680.29,3830187.0,0.0,233.29,294316.0,,,38.89
2021-10-27,0.0,3680.29,3830187.0,0.0,233.29,294316.0,,,38.89
2021-10-28,0.0,3680.29,3830187.0,0.0,233.29,294316.0,,,38.89
2021-10-29,0.0,3680.29,3830187.0,0.0,233.29,294316.0,,,38.89
2021-10-30,0.0,3680.29,3830187.0,0.0,233.29,294316.0,,,38.89
2021-10-31,23445.0,3349.29,3853632.0,1375.0,196.43,295691.0,,,38.89
2021-11-01,0.0,3349.29,3853632.0,0.0,196.43,295691.0,,,38.89
2021-11-02,0.0,3349.29,3853632.0,0.0,196.43,295691.0,,,38.89
2021-11-03,0.0,3349.29,3853632.0,0.0,196.43,295691.0,,,38.89
2021-11-04,0.0,3349.29,3853632.0,0.0,196.43,295691.0,,,38.89
2021-11-05,0.0,3349.29,3853632.0,0.0,196.43,295691.0,,,38.89
2021-11-06,0.0,3349.29,3853632.0,0.0,196.43,295691.0,,,38.89
2021-11-07,18907.0,2701.0,3872539.0,1159.0,165.57,296850.0,,,38.89
2021-11-08,0.0,2701.0,3872539.0,0.0,165.57,296850.0,,,38.89
2021-11-09,0.0,2701.0,3872539.0,0.0,165.57,296850.0,,,38.89
2021-11-10,0.0,2701.0,3872539.0,0.0,165.57,296850.0,,,38.89
2021-11-11,0.0,2701.0,3872539.0,0.0,165.57,296850.0,,,38.89
2021-11-12,0.0,2701.0,3872539.0,0.0,165.57,296850.0,,,38.89
2021-11-13,0.0,2701.0,3872539.0,0.0,165.57,296850.0,,,38.89
2021-11-14,20001.0,2857.29,3892540.0,1012.0,144.57,297862.0,,,38.89
2021-11-15,0.0,2857.29,3892540.0,0.0,144.57,297862.0,,,38.89
2021-11-16,0.0,2857.29,3892540.0,0.0,144.57,297862.0,,,38.89
2021-11-17,0.0,2857.29,3892540.0,0.0,144.57,297862.0,,,38.89
2021-11-18,0.0,2857.29,3892540.0,0.0,144.57,297862.0,,,38.89
2021-11-19,0.0,2857.29,3892540.0,0.0,144.57,297862.0,,,38.89
2021-11-20,0.0,2857.29,3892540.0,0.0,144.57,297862.0,,,38.89
2021-11-21,17228.0,2461.14,3909768.0,965.0,137.86,298827.0,,,38.89
2021-11-22,0.0,2461.14,3909768.0,0.0,137.86,298827.0,,,38.89
2021-11-23,0.0,2461.14,3909768.0,0.0,137.86,298827.0,,,38.89
2021-11-24,0.0,2461.14,3909768.0,0.0,137.86,298827.0,,,38.89
2021-11-25,0.0,2461.14,3909768.0,0.0,137.86,298827.0,,,38.89
2021-11-26,0.0,2461.14,3909768.0,0.0,137.86,298827.0,,,38.89
2021-11-27,0.0,2461.14,3909768.0,0.0,137.86,298827.0,,,38.89
2021-11-28,19349.0,2764.14,3929117.0,927.0,132.43,299754.0,,,38.89
2021-11-29,0.0,2764.14,3929117.0,0.0,132.43,299754.0,,,35.19
2021-11-30,0.0,2764.14,3929117.0,0.0,132.43,299754.0,,,35.19
2021-12-01,0.0,2764.14,3929117.0,0.0,132.43,299754.0,,,35.19
2021-12-02,0.0,2764.14,3929117.0,0.0,132.43,299754.0,,,35.19
2021-12-03,0.0,2764.14,3929117.0,0.0,132.43,299754.0,,,35.19
2021-12-04,0.0,2764.14,3929117.0,0.0,132.43,299754.0,,,35.19
2021-12-05,18247.0,2606.71,3947364.0,940.0,134.29,300694.0,,,35.19
2021-12-06,0.0,2606.71,3947364.0,0.0,134.29,300694.0,,,35.19
2021-12-07,0.0,2606.71,3947364.0,0.0,134.29,300694.0,,,29.63
2021-12-08,0.0,2606.71,3947364.0,0.0,134.29,300694.0,,,29.63
2021-12-09,0.0,2606.71,3947364.0,0.0,134.29,300694.0,,,29.63
2021-12-10,0.0,2606.71,3947364.0,0.0,134.29,300694.0,,,29.63
2021-12-11,0.0,2606.71,3947364.0,0.0,134.29,300694.0,,,29.63
2021-12-12,17484.0,2497.71,3964848.0,903.0,129.0,301597.0,,,29.63
2021-12-13,0.0,2497.71,3964848.0,0.0,129.0,301597.0,,,35.19
2021-12-14,0.0,2497.71,3964848.0,0.0,129.0,301597.0,,,35.19
2021-12-15,0.0,2497.71,3964848.0,0.0,129.0,301597.0,,,35.19
2021-12-16,0.0,2497.71,3964848.0,0.0,129.0,301597.0,,,35.19
2021-12-17,0.0,2497.71,3964848.0,0.0,129.0,301597.0,,,35.19
2021-12-18,0.0,2497.71,3964848.0,0.0,129.0,301597.0,,,35.19
2021-12-19,16128.0,2304.0,3980976.0,848.0,121.14,302445.0,,,35.19
2021-12-20,0.0,2304.0,3980976.0,0.0,121.14,302445.0,,,35.19
2021-12-21,0.0,2304.0,3980976.0,0.0,121.14,302445.0,,,35.19
2021-12-22,0.0,2304.0,3980976.0,0.0,121.14,302445.0,,,35.19
2021-12-23,0.0,2304.0,3980976.0,0.0,121.14,302445.0,,,35.19
2021-12-24,0.0,2304.0,3980976.0,0.0,121.14,302445.0,,,35.19
2021-12-25,0.0,2304.0,3980976.0,0.0,121.14,302445.0,,,35.19
2021-12-26,21003.0,3000.43,4001979.0,810.0,115.71,303255.0,,,35.19
2021-12-27,0.0,3000.43,4001979.0,0.0,115.71,303255.0,,,35.19
2021-12-28,0.0,3000.43,4001979.0,0.0,115.71,303255.0,,,35.19
2021-12-29,0.0,3000.43,4001979.0,0.0,115.71,303255.0,,,35.19
2021-12-30,0.0,3000.43,4001979.0,0.0,115.71,303255.0,,,35.19
2021-12-31,0.0,3000.43,4001979.0,0.0,115.71,303255.0,,,35.19
2022-01-01,0.0,3000.43,4001979.0,0.0,115.71,303255.0,,,35.19
2022-01-02,56920.0,8131.43,4058899.0,770.0,110.0,304025.0,,,35.19
2022-01-03,0.0,8131.43,4058899.0,0.0,110.0,304025.0,,,35.19
2022-01-04,0.0,8131.43,4058899.0,0.0,110.0,304025.0,,,35.19
2022-01-05,0.0,8131.43,4058899.0,0.0,110.0,304025.0,,,39.15
2022-01-06,0.0,8131.43,4058899.0,0.0,110.0,304025.0,,,39.12
2022-01-07,0.0,8131.43,4058899.0,0.0,110.0,304025.0,,,39.12
2022-01-08,0.0,8131.43,4058899.0,0.0,110.0,304025.0,,,39.08
2022-01-09,194803.0,27829.0,4253702.0,909.0,129.86,304934.0,,,39.07
2022-01-10,0.0,27829.0,4253702.0,0.0,129.86,304934.0,,,39.06
2022-01-11,0.0,27829.0,4253702.0,0.0,129.86,304934.0,,,39.05
2022-01-12,0.0,27829.0,4253702.0,0.0,129.86,304934.0,,,39.05
2022-01-13,0.0,27829.0,4253702.0,0.0,129.86,304934.0,,,39.02
2022-01-14,0.0,27829.0,4253702.0,0.0,129.86,304934.0,,,38.99
2022-01-15,0.0,27829.0,4253702.0,0.0,129.86,304934.0,,,38.97
2022-01-16,406782.0,58111.71,4660484.0,1385.0,197.86,306319.0,,,38.95
2022-01-17,0.0,58111.71,4660484.0,0.0,197.86,306319.0,,,38.95
2022-01-18,0.0,58111.71,4660484.0,0.0,197.86,306319.0,,,38.94
2022-01-19,0.0,58111.71,4660484.0,0.0,197.86,306319.0,,,38.93
2022-01-20,0.0,58111.71,4660484.0,0.0,197.86,306319.0,,,38.91
2022-01-21,0.0,58111.71,4660484.0,0.0,197.86,306319.0,,,38.9
2022-01-22,0.0,58111.71,4660484.0,0.0,197.86,306319.0,,,38.9
2022-01-23,406815.0,58116.43,5067299.0,2395.0,342.14,308714.0,,,38.89
2022-01-24,0.0,58116.43,5067299.0,0.0,342.14,308714.0,,,48.52
2022-01-25,0.0,58116.43,5067299.0,0.0,342.14,308714.0,,,48.52
2022-01-26,0.0,58116.43,5067299.0,0.0,342.14,308714.0,,,48.51
2022-01-27,0.0,58116.43,5067299.0,0.0,342.14,308714.0,,,48.5
2022-01-28,0.0,58116.43,5067299.0,0.0,342.14,308714.0,,,48.5
2022-01-29,0.0,58116.43,5067299.0,0.0,342.14,308714.0,,,48.5
2022-01-30,282729.0,40389.86,5350028.0,3603.0,514.71,312317.0,,,48.49
2022-01-31,0.0,40389.86,5350028.0,0.0,514.71,312317.0,,,48.49
2022-02-01,0.0,40389.86,5350028.0,0.0,514.71,312317.0,,,48.49
2022-02-02,0.0,40389.86,5350028.0,0.0,514.71,312317.0,,,48.49
2022-02-03,0.0,40389.86,5350028.0,0.0,514.71,312317.0,,,48.48
2022-02-04,0.0,40389.86,5350028.0,0.0,514.71,312317.0,,,48.48
2022-02-05,0.0,40389.86,5350028.0,0.0,514.71,312317.0,,,48.48
2022-02-06,166547.0,23792.43,5516575.0,3901.0,557.29,316218.0,,,48.47
2022-02-07,0.0,23792.43,5516575.0,0.0,557.29,316218.0,,,36.64
2022-02-08,0.0,23792.43,5516575.0,0.0,557.29,316218.0,,,36.64
2022-02-09,0.0,23792.43,5516575.0,0.0,557.29,316218.0,,,36.64
2022-02-10,0.0,23792.43,5516575.0,0.0,557.29,316218.0,,,36.64
2022-02-11,0.0,23792.43,5516575.0,0.0,557.29,316218.0,,,36.63
2022-02-12,0.0,23792.43,5516575.0,0.0,557.29,316218.0,,,36.63
2022-02-13,86372.0,12338.86,5602947.0,3308.0,472.57,319526.0,,,36.63
2022-02-14,0.0,12338.86,5602947.0,0.0,472.57,319526.0,,,36.63
2022-02-15,0.0,12338.86,5602947.0,0.0,472.57,319526.0,,,36.61
2022-02-16,0.0,12338.86,5602947.0,0.0,472.57,319526.0,,,36.61
2022-02-17,0.0,12338.86,5602947.0,0.0,472.57,319526.0,,,36.61
2022-02-18,0.0,12338.86,5602947.0,0.0,472.57,319526.0,,,36.61
2022-02-19,0.0,12338.86,5602947.0,0.0,472.57,319526.0,,,36.61
2022-02-20,61576.0,8796.57,5664523.0,2385.0,340.71,321911.0,,,36.61
2022-02-21,0.0,8796.57,5664523.0,0.0,340.71,321911.0,,,36.61
2022-02-22,0.0,8796.57,5664523.0,0.0,340.71,321911.0,,,36.61
2022-02-23,0.0,8796.57,5664523.0,0.0,340.71,321911.0,,,36.6
2022-02-24,0.0,8796.57,5664523.0,0.0,340.71,321911.0,,,36.6
2022-02-25,0.0,8796.57,5664523.0,0.0,340.71,321911.0,,,36.6
2022-02-26,0.0,8796.57,5664523.0,0.0,340.71,321911.0,,,36.6
2022-02-27,37281.0,5325.86,5701804.0,1571.0,224.43,323482.0,,,36.6
2022-02-28,0.0,5325.86,5701804.0,0.0,224.43,323482.0,,,36.6
2022-03-01,0.0,5325.86,5701804.0,0.0,224.43,323482.0,,,36.6
2022-03-02,0.0,5325.86,5701804.0,0.0,224.43,323482.0,,,36.6
2022-03-03,0.0,5325.86,5701804.0,0.0,224.43,323482.0,,,36.6
2022-03-04,0.0,5325.86,5701804.0,0.0,224.43,323482.0,,,36.6
2022-03-05,0.0,5325.86,5701804.0,0.0,224.43,323482.0,,,36.6
2022-03-06,21369.0,3052.71,5723173.0,930.0,132.86,324412.0,,,36.59
2022-03-07,0.0,3052.71,5723173.0,0.0,132.86,324412.0,,,38.7
2022-03-08,0.0,3052.71,5723173.0,0.0,132.86,324412.0,,,38.7
2022-03-09,0.0,3052.71,5723173.0,0.0,132.86,324412.0,,,38.69
2022-03-10,0.0,3052.71,5723173.0,0.0,132.86,324412.0,,,38.69
2022-03-11,0.0,3052.71,5723173.0,0.0,132.86,324412.0,,,38.69
2022-03-12,0.0,3052.71,5723173.0,0.0,132.86,324412.0,,,38.68
2022-03-13,14069.0,2009.86,5737242.0,532.0,76.0,324944.0,,,38.68
2022-03-14,0.0,2009.86,5737242.0,0.0,76.0,324944.0,,,38.68
2022-03-15,0.0,2009.86,5737242.0,0.0,76.0,324944.0,,,38.68
2022-03-16,0.0,2009.86,5737242.0,0.0,76.0,324944.0,,,38.68
2022-03-17,0.0,2009.86,5737242.0,0.0,76.0,324944.0,,,38.68
2022-03-18,0.0,2009.86,5737242.0,0.0,76.0,324944.0,,,38.67
2022-03-19,0.0,2009.86,5737242.0,0.0,76.0,324944.0,,,38.67
2022-03-20,10068.0,1438.29,5747310.0,349.0,49.86,325293.0,,,38.67
2022-03-21,0.0,1438.29,5747310.0,0.0,49.86,325293.0,,,25.7
2022-03-22,0.0,1438.29,5747310.0,0.0,49.86,325293.0,,,25.7
2022-03-23,0.0,1438.29,5747310.0,0.0,49.86,325293.0,,,25.7
2022-03-24,0.0,1438.29,5747310.0,0.0,49.86,325293.0,,,25.7
2022-03-25,0.0,1438.29,5747310.0,0.0,49.86,325293.0,,,25.7
2022-03-26,0.0,1438.29,5747310.0,0.0,49.86,325293.0,,,25.69
2022-03-27,6920.0,988.57,5754230.0,209.0,29.86,325502.0,,,25.69
2022-03-28,0.0,988.57,5754230.0,0.0,29.86,325502.0,,,25.69
2022-03-29,0.0,988.57,5754230.0,0.0,29.86,325502.0,,,25.69
2022-03-30,0.0,988.57,5754230.0,0.0,29.86,325502.0,,,25.69
2022-03-31,0.0,988.57,5754230.0,0.0,29.86,325502.0,,,25.69
2022-04-01,0.0,988.57,5754230.0,0.0,29.86,325502.0,,,25.69
2022-04-02,0.0,988.57,5754230.0,0.0,29.86,325502.0,,,25.69
2022-04-03,6523.0,931.86,5760753.0,153.0,21.86,325655.0,,,25.69
2022-04-04,0.0,931.86,5760753.0,0.0,21.86,325655.0,,,25.69
2022-04-05,0.0,931.86,5760753.0,0.0,21.86,325655.0,,,25.69
2022-04-06,0.0,931.86,5760753.0,0.0,21.86,325655.0,,,25.69
2022-04-07,0.0,931.86,5760753.0,0.0,21.86,325655.0,,,25.69
2022-04-08,0.0,931.86,5760753.0,0.0,21.86,325655.0,,,25.69
2022-04-09,0.0,931.86,5760753.0,0.0,21.86,325655.0,,,25.69
2022-04-10,4757.0,679.57,5765510.0,117.0,16.71,325772.0,,,25.69
2022-04-11,0.0,679.57,5765510.0,0.0,16.71,325772.0,,,25.69
2022-04-12,0.0,679.57,5765510.0,0.0,16.71,325772.0,,,25.69
2022-04-13,0.0,679.57,5765510.0,0.0,16.71,325772.0,,,25.68
2022-04-14,0.0,679.57,5765510.0,0.0,16.71,325772.0,,,25.68
2022-04-15,0.0,679.57,5765510.0,0.0,16.71,325772.0,,,25.68
2022-04-16,0.0,679.57,5765510.0,0.0,16.71,325772.0,,,25.68
2022-04-17,3205.0,457.86,5768715.0,71.0,10.14,325843.0,,,25.67
2022-04-18,0.0,457.86,5768715.0,0.0,10.14,325843.0,,,25.67
2022-04-19,0.0,457.86,5768715.0,0.0,10.14,325843.0,,,25.67
2022-04-20,0.0,457.86,5768715.0,0.0,10.14,325843.0,,,25.67
2022-04-21,0.0,457.86,5768715.0,0.0,10.14,325843.0,,,25.67
2022-04-22,0.0,457.86,5768715.0,0.0,10.14,325843.0,,,25.67
2022-04-23,0.0,457.86,5768715.0,0.0,10.14,325843.0,,,25.67
2022-04-24,3846.0,549.43,5772561.0,70.0,10.0,325913.0,,,25.67
2022-04-25,0.0,549.43,5772561.0,0.0,10.0,325913.0,,,25.67
2022-04-26,0.0,549.43,5772561.0,0.0,10.0,325913.0,,,25.67
2022-04-27,0.0,549.43,5772561.0,0.0,10.0,325913.0,,,25.67
2022-04-28,0.0,549.43,5772561.0,0.0,10.0,325913.0,,,25.67
2022-04-29,0.0,549.43,5772561.0,0.0,10.0,325913.0,,,25.67
2022-04-30,0.0,549.43,5772561.0,0.0,10.0,325913.0,,,25.67
2022-05-01,3993.0,570.43,5776554.0,41.0,5.86,325954.0,,,25.67
2022-05-02,0.0,570.43,5776554.0,0.0,5.86,325954.0,,,25.67
2022-05-03,0.0,570.43,5776554.0,0.0,5.86,325954.0,,,25.67
2022-05-04,0.0,570.43,5776554.0,0.0,5.86,325954.0,,,25.67
2022-05-05,0.0,570.43,5776554.0,0.0,5.86,325954.0,,,25.67
2022-05-06,0.0,570.43,5776554.0,0.0,5.86,325954.0,,,25.67
2022-05-07,0.0,570.43,5776554.0,0.0,5.86,325954.0,,,25.67
2022-05-08,4324.0,617.71,5780878.0,42.0,6.0,325996.0,,,25.67
2022-05-09,0.0,617.71,5780878.0,0.0,6.0,325996.0,,,25.67
2022-05-10,0.0,617.71,5780878.0,0.0,6.0,325996.0,,,25.67
2022-05-11,0.0,617.71,5780878.0,0.0,6.0,325996.0,,,25.67
2022-05-12,0.0,617.71,5780878.0,0.0,6.0,325996.0,,,25.67
2022-05-13,0.0,617.71,5780878.0,0.0,6.0,325996.0,,,25.67
2022-05-14,0.0,617.71,5780878.0,0.0,6.0,325996.0,,,25.67
2022-05-15,5359.0,765.57,5786237.0,34.0,4.86,326030.0,,,25.67
2022-05-16,0.0,765.57,5786237.0,0.0,4.86,326030.0,,,25.67
2022-05-17,0.0,765.57,5786237.0,0.0,4.86,326030.0,,,25.67
2022-05-18,0.0,765.57,5786237.0,0.0,4.86,326030.0,,,25.67
2022-05-19,0.0,765.57,5786237.0,0.0,4.86,326030.0,,,25.67
2022-05-20,0.0,765.57,5786237.0,0.0,4.86,326030.0,,,25.67
2022-05-21,0.0,765.57,5786237.0,0.0,4.86,326030.0,,,25.67
2022-05-22,7750.0,1107.14,5793987.0,40.0,5.71,326070.0,,,25.67
2022-05-23,0.0,1107.14,5793987.0,0.0,5.71,326070.0,,,25.67
2022-05-24,0.0,1107.14,5793987.0,0.0,5.71,326070.0,,,25.67
2022-05-25,0.0,1107.14,5793987.0,0.0,5.71,326070.0,,,25.67
2022-05-26,0.0,1107.14,5793987.0,0.0,5.71,326070.0,,,25.67
2022-05-27,0.0,1107.14,5793987.0,0.0,5.71,326070.0,,,25.67
2022-05-28,0.0,1107.14,5793987.0,0.0,5.71,326070.0,,,25.67
2022-05-29,12237.0,1748.14,5806224.0,38.0,5.43,326108.0,,,25.67
2022-05-30,0.0,1748.14,5806224.0,0.0,5.43,326108.0,,,25.67
2022-05-31,0.0,1748.14,5806224.0,0.0,5.43,326108.0,,,25.67
2022-06-01,0.0,1748.14,5806224.0,0.0,5.43,326108.0,,,25.67
2022-06-02,0.0,1748.14,5806224.0,0.0,5.43,326108.0,,,25.67
2022-06-03,0.0,1748.14,5806224.0,0.0,5.43,326108.0,,,25.67
2022-06-04,0.0,1748.14,5806224.0,0.0,5.43,326108.0,,,25.67
2022-06-05,19550.0,2792.86,5825774.0,35.0,5.0,326143.0,,,25.67
2022-06-06,0.0,2792.86,5825774.0,0.0,5.0,326143.0,,,25.67
2022-06-07,0.0,2792.86,5825774.0,0.0,5.0,326143.0,,,25.67
2022-06-08,0.0,2792.86,5825774.0,0.0,5.0,326143.0,,,25.67
2022-06-09,0.0,2792.86,5825774.0,0.0,5.0,326143.0,,,25.67
2022-06-10,0.0,2792.86,5825774.0,0.0,5.0,326143.0,,,25.67
2022-06-11,0.0,2792.86,5825774.0,0.0,5.0,326143.0,,,25.67
2022-06-12,34371.0,4910.14,5860145.0,37.0,5.29,326180.0,,,25.67
2022-06-13,0.0,4910.14,5860145.0,0.0,5.29,326180.0,,,25.67
2022-06-14,0.0,4910.14,5860145.0,0.0,5.29,326180.0,,,25.67
2022-06-15,0.0,4910.14,5860145.0,0.0,5.29,326180.0,,,25.67
2022-06-16,0.0,4910.14,5860145.0,0.0,5.29,326180.0,,,25.67
2022-06-17,0.0,4910.14,5860145.0,0.0,5.29,326180.0,,,25.67
2022-06-18,0.0,4910.14,5860145.0,0.0,5.29,326180.0,,,25.67
2022-06-19,55313.0,7901.86,5915458.0,76.0,10.86,326256.0,,,25.67
2022-06-20,0.0,7901.86,5915458.0,0.0,10.86,326256.0,,,25.67
2022-06-21,0.0,7901.86,5915458.0,0.0,10.86,326256.0,,,17.59
2022-06-22,0.0,7901.86,5915458.0,0.0,10.86,326256.0,,,17.59
2022-06-23,0.0,7901.86,5915458.0,0.0,10.86,326256.0,,,17.59
2022-06-24,0.0,7901.86,5915458.0,0.0,10.86,326256.0,,,17.59
2022-06-25,0.0,7901.86,5915458.0,0.0,10.86,326256.0,,,17.59
2022-06-26,97266.0,13895.14,6012724.0,118.0,16.86,326374.0,,,17.59
2022-06-27,0.0,13895.14,6012724.0,0.0,16.86,326374.0,,,19.44
2022-06-28,0.0,13895.14,6012724.0,0.0,16.86,326374.0,,,19.44
2022-06-29,0.0,13895.14,6012724.0,0.0,16.86,326374.0,,,19.44
2022-06-30,0.0,13895.14,6012724.0,0.0,16.86,326374.0,,,19.44
2022-07-01,0.0,13895.14,6012724.0,0.0,16.86,326374.0,,,19.44
2022-07-02,0.0,13895.14,6012724.0,0.0,16.86,326374.0,,,19.44
2022-07-03,152465.0,21780.71,6165189.0,186.0,26.57,326560.0,,,19.44
2022-07-04,0.0,21780.71,6165189.0,0.0,26.57,326560.0,,,19.44
2022-07-05,0.0,21780.71,6165189.0,0.0,26.57,326560.0,,,19.44
2022-07-06,0.0,21780.71,6165189.0,0.0,26.57,326560.0,,,19.44
2022-07-07,0.0,21780.71,6165189.0,0.0,26.57,326560.0,,,25.0
2022-07-08,0.0,21780.71,6165189.0,0.0,26.57,326560.0,,,25.0
2022-07-09,0.0,21780.71,6165189.0,0.0,26.57,326560.0,,,25.0
2022-07-10,200105.0,28586.43,6365294.0,315.0,45.0,326875.0,,,25.0
2022-07-11,0.0,28586.43,6365294.0,0.0,45.0,326875.0,,,25.0
2022-07-12,0.0,28586.43,6365294.0,0.0,45.0,326875.0,,,30.56
2022-07-13,0.0,28586.43,6365294.0,0.0,45.0,326875.0,,,30.56
2022-07-14,0.0,28586.43,6365294.0,0.0,45.0,326875.0,,,33.33
2022-07-15,0.0,28586.43,6365294.0,0.0,45.0,326875.0,,,33.33
2022-07-16,0.0,28586.43,6365294.0,0.0,45.0,326875.0,,,33.33
2022-07-17,213873.0,30553.29,6579167.0,559.0,79.86,327434.0,,,33.33
2022-07-18,0.0,30553.29,6579167.0,0.0,79.86,327434.0,,,33.33
2022-07-19,0.0,30553.29,6579167.0,0.0,79.86,327434.0,,,33.33
2022-07-20,0.0,30553.29,6579167.0,0.0,79.86,327434.0,,,33.33
2022-07-21,0.0,30553.29,6579167.0,0.0,79.86,327434.0,,,33.33
2022-07-22,0.0,30553.29,6579167.0,0.0,79.86,327434.0,,,33.33
2022-07-23,0.0,30553.29,6579167.0,0.0,79.86,327434.0,,,33.33
2022-07-24,179987.0,25712.43,6759154.0,607.0,86.71,328041.0,,,33.33
2022-07-25,0.0,25712.43,6759154.0,0.0,86.71,328041.0,,,33.33
2022-07-26,0.0,25712.43,6759154.0,0.0,86.71,328041.0,,,33.33
2022-07-27,0.0,25712.43,6759154.0,0.0,86.71,328041.0,,,33.33
2022-07-28,0.0,25712.43,6759154.0,0.0,86.71,328041.0,,,33.33
2022-07-29,0.0,25712.43,6759154.0,0.0,86.71,328041.0,,,33.33
2022-07-30,0.0,25712.43,6759154.0,0.0,86.71,328041.0,,,33.33
2022-07-31,122038.0,17434.0,6881192.0,638.0,91.14,328679.0,,,33.33
2022-08-01,0.0,17434.0,6881192.0,0.0,91.14,328679.0,,,33.33
2022-08-02,0.0,17434.0,6881192.0,0.0,91.14,328679.0,,,33.33
2022-08-03,0.0,17434.0,6881192.0,0.0,91.14,328679.0,,,33.33
2022-08-04,0.0,17434.0,6881192.0,0.0,91.14,328679.0,,,33.33
2022-08-05,0.0,17434.0,6881192.0,0.0,91.14,328679.0,,,33.33
2022-08-06,0.0,17434.0,6881192.0,0.0,91.14,328679.0,,,33.33
2022-08-07,80263.0,11466.14,6961455.0,596.0,85.14,329275.0,,,33.33
2022-08-08,0.0,11466.14,6961455.0,0.0,85.14,329275.0,,,33.33
2022-08-09,0.0,11466.14,6961455.0,0.0,85.14,329275.0,,,33.33
2022-08-10,0.0,11466.14,6961455.0,0.0,85.14,329275.0,,,33.33
2022-08-11,0.0,11466.14,6961455.0,0.0,85.14,329275.0,,,33.33
2022-08-12,0.0,11466.14,6961455.0,0.0,85.14,329275.0,,,33.33
2022-08-13,0.0,11466.14,6961455.0,0.0,85.14,329275.0,,,33.33
2022-08-14,53654.0,7664.86,7015109.0,423.0,60.43,329698.0,,,33.33
2022-08-15,0.0,7664.86,7015109.0,0.0,60.43,329698.0,,,33.33
2022-08-16,0.0,7664.86,7015109.0,0.0,60.43,329698.0,,,33.33
2022-08-17,0.0,7664.86,7015109.0,0.0,60.43,329698.0,,,33.33
2022-08-18,0.0,7664.86,7015109.0,0.0,60.43,329698.0,,,33.33
2022-08-19,0.0,7664.86,7015109.0,0.0,60.43,329698.0,,,33.33
2022-08-20,0.0,7664.86,7015109.0,0.0,60.43,329698.0,,,33.33
2022-08-21,33244.0,4749.14,7048353.0,292.0,41.71,329990.0,,,33.33
2022-08-22,0.0,4749.14,7048353.0,0.0,41.71,329990.0,,,33.33
2022-08-23,0.0,4749.14,7048353.0,0.0,41.71,329990.0,,,33.33
2022-08-24,0.0,4749.14,7048353.0,0.0,41.71,329990.0,,,33.33
2022-08-25,0.0,4749.14,7048353.0,0.0,41.71,329990.0,,,33.33
2022-08-26,0.0,4749.14,7048353.0,0.0,41.71,329990.0,,,33.33
2022-08-27,0.0,4749.14,7048353.0,0.0,41.71,329990.0,,,33.33
2022-08-28,22956.0,3279.43,7071309.0,231.0,33.0,330221.0,,,33.33
2022-08-29,0.0,3279.43,7071309.0,0.0,33.0,330221.0,,,24.07
2022-08-30,0.0,3279.43,7071309.0,0.0,33.0,330221.0,,,15.74
2022-08-31,0.0,3279.43,7071309.0,0.0,33.0,330221.0,,,15.74
2022-09-01,0.0,3279.43,7071309.0,0.0,33.0,330221.0,,,15.74
2022-09-02,0.0,3279.43,7071309.0,0.0,33.0,330221.0,,,15.74
2022-09-03,0.0,3279.43,7071309.0,0.0,33.0,330221.0,,,15.74
2022-09-04,16411.0,2344.43,7087720.0,171.0,24.43,330392.0,,,15.74
2022-09-05,0.0,2344.43,7087720.0,0.0,24.43,330392.0,,,15.74
2022-09-06,0.0,2344.43,7087720.0,0.0,24.43,330392.0,,,15.74
2022-09-07,0.0,2344.43,7087720.0,0.0,24.43,330392.0,,,15.74
2022-09-08,0.0,2344.43,7087720.0,0.0,24.43,330392.0,,,15.74
2022-09-09,0.0,2344.43,7087720.0,0.0,24.43,330392.0,,,15.74
2022-09-10,0.0,2344.43,7087720.0,0.0,24.43,330392.0,,,15.74
2022-09-11,12055.0,1722.14,7099775.0,105.0,15.0,330497.0,,,15.74
2022-09-12,0.0,1722.14,7099775.0,0.0,15.0,330497.0,,,13.89
2022-09-13,0.0,1722.14,7099775.0,0.0,15.0,330497.0,,,13.89
2022-09-14,0.0,1722.14,7099775.0,0.0,15.0,330497.0,,,13.89
2022-09-15,0.0,1722.14,7099775.0,0.0,15.0,330497.0,,,13.89
2022-09-16,0.0,1722.14,7099775.0,0.0,15.0,330497.0,,,13.89
2022-09-17,0.0,1722.14,7099775.0,0.0,15.0,330497.0,,,13.89
2022-09-18,7691.0,1098.71,7107466.0,86.0,12.29,330583.0,,,13.89
2022-09-19,0.0,1098.71,7107466.0,0.0,12.29,330583.0,,,13.89
2022-09-20,0.0,1098.71,7107466.0,0.0,12.29,330583.0,,,13.89
2022-09-21,0.0,1098.71,7107466.0,0.0,12.29,330583.0,,,13.89
2022-09-22,0.0,1098.71,7107466.0,0.0,12.29,330583.0,,,13.89
2022-09-23,0.0,1098.71,7107466.0,0.0,12.29,330583.0,,,13.89
2022-09-24,0.0,1098.71,7107466.0,0.0,12.29,330583.0,,,13.89
2022-09-25,7673.0,1096.14,7115139.0,55.0,7.86,330638.0,,,13.89
2022-09-26,0.0,1096.14,7115139.0,0.0,7.86,330638.0,,,13.89
2022-09-27,0.0,1096.14,7115139.0,0.0,7.86,330638.0,,,13.89
2022-09-28,0.0,1096.14,7115139.0,0.0,7.86,330638.0,,,13.89
2022-09-29,0.0,1096.14,7115139.0,0.0,7.86,330638.0,,,13.89
2022-09-30,0.0,1096.14,7115139.0,0.0,7.86,330638.0,,,13.89
2022-10-01,0.0,1096.14,7115139.0,0.0,7.86,330638.0,,,13.89
2022-10-02,5199.0,742.71,7120338.0,55.0,7.86,330693.0,,,13.89
2022-10-03,0.0,742.71,7120338.0,0.0,7.86,330693.0,,,13.89
2022-10-04,0.0,742.71,7120338.0,0.0,7.86,330693.0,,,13.89
2022-10-05,0.0,742.71,7120338.0,0.0,7.86,330693.0,,,13.89
2022-10-06,0.0,742.71,7120338.0,0.0,7.86,330693.0,,,13.89
2022-10-07,0.0,742.71,7120338.0,0.0,7.86,330693.0,,,13.89
2022-10-08,0.0,742.71,7120338.0,0.0,7.86,330693.0,,,13.89
2022-10-09,3878.0,554.0,7124216.0,53.0,7.57,330746.0,,,13.89
2022-10-10,0.0,554.0,7124216.0,0.0,7.57,330746.0,,,13.89
2022-10-11,0.0,554.0,7124216.0,0.0,7.57,330746.0,,,13.89
2022-10-12,0.0,554.0,7124216.0,0.0,7.57,330746.0,,,13.89
2022-10-13,0.0,554.0,7124216.0,0.0,7.57,330746.0,,,13.89
2022-10-14,0.0,554.0,7124216.0,0.0,7.57,330746.0,,,13.89
2022-10-15,0.0,554.0,7124216.0,0.0,7.57,330746.0,,,13.89
2022-10-16,2867.0,409.57,7127083.0,22.0,3.14,330768.0,,,13.89
2022-10-17,0.0,409.57,7127083.0,0.0,3.14,330768.0,,,13.89
2022-10-18,0.0,409.57,7127083.0,0.0,3.14,330768.0,,,13.89
2022-10-19,0.0,409.57,7127083.0,0.0,3.14,330768.0,,,13.89
2022-10-20,0.0,409.57,7127083.0,0.0,3.14,330768.0,,,13.89
2022-10-21,0.0,409.57,7127083.0,0.0,3.14,330768.0,,,13.89
2022-10-22,0.0,409.57,7127083.0,0.0,3.14,330768.0,,,13.89
2022-10-23,2657.0,379.57,7129740.0,25.0,3.57,330793.0,,,13.89
2022-10-24,0.0,379.57,7129740.0,0.0,3.57,330793.0,,,13.89
2022-10-25,0.0,379.57,7129740.0,0.0,3.57,330793.0,,,13.89
2022-10-26,0.0,379.57,7129740.0,0.0,3.57,330793.0,,,13.89
2022-10-27,0.0,379.57,7129740.0,0.0,3.57,330793.0,,,13.89
2022-10-28,0.0,379.57,7129740.0,0.0,3.57,330793.0,,,13.89
2022-10-29,0.0,379.57,7129740.0,0.0,3.57,330793.0,,,13.89
2022-10-30,2840.0,405.71,7132580.0,25.0,3.57,330818.0,,,13.89
2022-10-31,0.0,405.71,7132580.0,0.0,3.57,330818.0,,,13.89
2022-11-01,0.0,405.71,7132580.0,0.0,3.57,330818.0,,,13.89
2022-11-02,0.0,405.71,7132580.0,0.0,3.57,330818.0,,,13.89
2022-11-03,0.0,405.71,7132580.0,0.0,3.57,330818.0,,,13.89
2022-11-04,0.0,405.71,7132580.0,0.0,3.57,330818.0,,,13.89
2022-11-05,0.0,405.71,7132580.0,0.0,3.57,330818.0,,,13.89
2022-11-06,2896.0,413.71,7135476.0,24.0,3.43,330842.0,,,13.89
2022-11-07,0.0,413.71,7135476.0,0.0,3.43,330842.0,,,13.89
2022-11-08,0.0,413.71,7135476.0,0.0,3.43,330842.0,,,13.89
2022-11-09,0.0,413.71,7135476.0,0.0,3.43,330842.0,,,13.89
2022-11-10,0.0,413.71,7135476.0,0.0,3.43,330842.0,,,13.89
2022-11-11,0.0,413.71,7135476.0,0.0,3.43,330842.0,,,13.89
2022-11-12,0.0,413.71,7135476.0,0.0,3.43,330842.0,,,13.89
2022-11-13,4403.0,629.0,7139879.0,19.0,2.71,330861.0,,,13.89
2022-11-14,0.0,629.0,7139879.0,0.0,2.71,330861.0,,,13.89
2022-11-15,0.0,629.0,7139879.0,0.0,2.71,330861.0,,,13.89
2022-11-16,0.0,629.0,7139879.0,0.0,2.71,330861.0,,,13.89
2022-11-17,0.0,629.0,7139879.0,0.0,2.71,330861.0,,,13.89
2022-11-18,0.0,629.0,7139879.0,0.0,2.71,330861.0,,,13.89
2022-11-19,0.0,629.0,7139879.0,0.0,2.71,330861.0,,,13.89
2022-11-20,5670.0,810.0,7145549.0,33.0,4.71,330894.0,,,13.89
2022-11-21,0.0,810.0,7145549.0,0.0,4.71,330894.0,,,13.89
2022-11-22,0.0,810.0,7145549.0,0.0,4.71,330894.0,,,13.89
2022-11-23,0.0,810.0,7145549.0,0.0,4.71,330894.0,,,13.89
2022-11-24,0.0,810.0,7145549.0,0.0,4.71,330894.0,,,13.89
2022-11-25,0.0,810.0,7145549.0,0.0,4.71,330894.0,,,13.89
2022-11-26,0.0,810.0,7145549.0,0.0,4.71,330894.0,,,13.89
2022-11-27,7419.0,1059.86,7152968.0,22.0,3.14,330916.0,,,13.89
2022-11-28,0.0,1059.86,7152968.0,0.0,3.14,330916.0,,,13.89
2022-11-29,0.0,1059.86,7152968.0,0.0,3.14,330916.0,,,13.89
2022-11-30,0.0,1059.86,7152968.0,0.0,3.14,330916.0,,,13.89
2022-12-01,0.0,1059.86,7152968.0,0.0,3.14,330916.0,,,13.89
2022-12-02,0.0,1059.86,7152968.0,0.0,3.14,330916.0,,,13.89
2022-12-03,0.0,1059.86,7152968.0,0.0,3.14,330916.0,,,13.89
2022-12-04,12749.0,1821.29,7165717.0,61.0,8.71,330977.0,,,13.89
2022-12-05,0.0,1821.29,7165717.0,0.0,8.71,330977.0,,,13.89
2022-12-06,0.0,1821.29,7165717.0,0.0,8.71,330977.0,,,13.89
2022-12-07,0.0,1821.29,7165717.0,0.0,8.71,330977.0,,,13.89
2022-12-08,0.0,1821.29,7165717.0,0.0,8.71,330977.0,,,13.89
2022-12-09,0.0,1821.29,7165717.0,0.0,8.71,330977.0,,,13.89
2022-12-10,0.0,1821.29,7165717.0,0.0,8.71,330977.0,,,13.89
2022-12-11,19203.0,2743.29,7184920.0,69.0,9.86,331046.0,,,13.89
2022-12-12,0.0,2743.29,7184920.0,0.0,9.86,331046.0,,,13.89
2022-12-13,0.0,2743.29,7184920.0,0.0,9.86,331046.0,,,13.89
2022-12-14,0.0,2743.29,7184920.0,0.0,9.86,331046.0,,,13.89
2022-12-15,0.0,2743.29,7184920.0,0.0,9.86,331046.0,,,13.89
2022-12-16,0.0,2743.29,7184920.0,0.0,9.86,331046.0,,,13.89
2022-12-17,0.0,2743.29,7184920.0,0.0,9.86,331046.0,,,13.89
2022-12-18,26720.0,3817.14,7211640.0,117.0,16.71,331163.0,,,13.89
2022-12-19,0.0,3817.14,7211640.0,0.0,16.71,331163.0,,,13.89
2022-12-20,0.0,3817.14,7211640.0,0.0,16.71,331163.0,,,13.89
2022-12-21,0.0,3817.14,7211640.0,0.0,16.71,331163.0,,,13.89
2022-12-22,0.0,3817.14,7211640.0,0.0,16.71,331163.0,,,13.89
2022-12-23,0.0,3817.14,7211640.0,0.0,16.71,331163.0,,,13.89
2022-12-24,0.0,3817.14,7211640.0,0.0,16.71,331163.0,,,13.89
2022-12-25,33950.0,4850.0,7245590.0,159.0,22.71,331322.0,,,13.89
2022-12-26,0.0,4850.0,7245590.0,0.0,22.71,331322.0,,,13.89
2022-12-27,0.0,4850.0,7245590.0,0.0,22.71,331322.0,,,13.89
2022-12-28,0.0,4850.0,7245590.0,0.0,22.71,331322.0,,,13.89
2022-12-29,0.0,4850.0,7245590.0,0.0,22.71,331322.0,,,13.89
2022-12-30,0.0,4850.0,7245590.0,0.0,22.71,331322.0,,,13.89
2022-12-31,0.0,4850.0,7245590.0,0.0,22.71,331322.0,,,13.89
2023-01-01,30816.0,4402.29,7276406.0,206.0,29.43,331528.0,,,
2023-01-02,0.0,4402.29,7276406.0,0.0,29.43,331528.0,,,
2023-01-03,0.0,4402.29,7276406.0,0.0,29.43,331528.0,,,
2023-01-04,0.0,4402.29,7276406.0,0.0,29.43,331528.0,,,
2023-01-05,0.0,4402.29,7276406.0,0.0,29.43,331528.0,,,
2023-01-06,0.0,4402.29,7276406.0,0.0,29.43,331528.0,,,
2023-01-07,0.0,4402.29,7276406.0,0.0,29.43,331528.0,,,
2023-01-08,31932.0,4561.71,7308338.0,280.0,40.0,331808.0,,,
2023-01-09,0.0,4561.71,7308338.0,0.0,40.0,331808.0,,,
2023-01-10,0.0,4561.71,7308338.0,0.0,40.0,331808.0,,,
2023-01-11,0.0,4561.71,7308338.0,0.0,40.0,331808.0,,,
2023-01-12,0.0,4561.71,7308338.0,0.0,40.0,331808.0,,,
2023-01-13,0.0,4561.71,7308338.0,0.0,40.0,331808.0,,,
2023-01-14,0.0,4561.71,7308338.0,0.0,40.0,331808.0,,,
2023-01-15,29637.0,4233.86,7337975.0,301.0,43.0,332109.0,,,
2023-01-16,0.0,4233.86,7337975.0,0.0,43.0,332109.0,,,
2023-01-17,0.0,4233.86,7337975.0,0.0,43.0,332109.0,,,
2023-01-18,0.0,4233.86,7337975.0,0.0,43.0,332109.0,,,
2023-01-19,0.0,4233.86,7337975.0,0.0,43.0,332109.0,,,
2023-01-20,0.0,4233.86,7337975.0,0.0,43.0,332109.0,,,
2023-01-21,0.0,4233.86,7337975.0,0.0,43.0,332109.0,,,
2023-01-22,25514.0,3644.86,7363489.0,261.0,37.29,332370.0,,,
2023-01-23,0.0,3644.86,7363489.0,0.0,37.29,332370.0,,,
2023-01-24,0.0,3644.86,7363489.0,0.0,37.29,332370.0,,,
2023-01-25,0.0,3644.86,7363489.0,0.0,37.29,332370.0,,,
2023-01-26,0.0,3644.86,7363489.0,0.0,37.29,332370.0,,,
2023-01-27,0.0,3644.86,7363489.0,0.0,37.29,332370.0,,,
2023-01-28,0.0,3644.86,7363489.0,0.0,37.29,332370.0,,,
2023-01-29,23596.0,3370.86,7387085.0,251.0,35.86,332621.0,,,
2023-01-30,0.0,3370.86,7387085.0,0.0,35.86,332621.0,,,
2023-01-31,0.0,3370.86,7387085.0,0.0,35.86,332621.0,,,
2023-02-01,0.0,3370.86,7387085.0,0.0,35.86,332621.0,,,
2023-02-02,0.0,3370.86,7387085.0,0.0,35.86,332621.0,,,
2023-02-03,0.0,3370.86,7387085.0,0.0,35.86,332621.0,,,
2023-02-04,0.0,3370.86,7387085.0,0.0,35.86,332621.0,,,
2023-02-05,20573.0,2939.0,7407658.0,194.0,27.71,332815.0,,,
2023-02-06,0.0,2939.0,7407658.0,0.0,27.71,332815.0,,,
2023-02-07,0.0,2939.0,7407658.0,0.0,27.71,332815.0,,,
2023-02-08,0.0,2939.0,7407658.0,0.0,27.71,332815.0,,,
2023-02-09,0.0,2939.0,7407658.0,0.0,27.71,332815.0,,,
2023-02-10,0.0,2939.0,7407658.0,0.0,27.71,332815.0,,,
2023-02-11,0.0,2939.0,7407658.0,0.0,27.71,332815.0,,,
2023-02-12,18694.0,2670.57,7426352.0,148.0,21.14,332963.0,,,
2023-02-13,0.0,2670.57,7426352.0,0.0,21.14,332963.0,,,
2023-02-14,0.0,2670.57,7426352.0,0.0,21.14,332963.0,,,
2023-02-15,0.0,2670.57,7426352.0,0.0,21.14,332963.0,,,
2023-02-16,0.0,2670.57,7426352.0,0.0,21.14,332963.0,,,
2023-02-17,0.0,2670.57,7426352.0,0.0,21.14,332963.0,,,
2023-02-18,0.0,2670.57,7426352.0,0.0,21.14,332963.0,,,
2023-02-19,19702.0,2814.57,7446054.0,170.0,24.29,333133.0,,,
2023-02-20,0.0,2814.57,7446054.0,0.0,24.29,333133.0,,,
2023-02-21,0.0,2814.57,7446054.0,0.0,24.29,333133.0,,,
2023-02-22,0.0,2814.57,7446054.0,0.0,24.29,333133.0,,,
2023-02-23,0.0,2814.57,7446054.0,0.0,24.29,333133.0,,,
2023-02-24,0.0,2814.57,7446054.0,0.0,24.29,333133.0,,,
2023-02-25,0.0,2814.57,7446054.0,0.0,24.29,333133.0,,,
2023-02-26,20305.0,2900.71,7466359.0,117.0,16.71,333250.0,,,
2023-02-27,0.0,2900.71,7466359.0,0.0,16.71,333250.0,,,
2023-02-28,0.0,2900.71,7466359.0,0.0,16.71,333250.0,,,
2023-03-01,0.0,2900.71,7466359.0,0.0,16.71,333250.0,,,
2023-03-02,0.0,2900.71,7466359.0,0.0,16.71,333250.0,,,
2023-03-03,0.0,2900.71,7466359.0,0.0,16.71,333250.0,,,
2023-03-04,0.0,2900.71,7466359.0,0.0,16.71,333250.0,,,
2023-03-05,19418.0,2774.0,7485777.0,98.0,14.0,333348.0,,,
2023-03-06,0.0,2774.0,7485777.0,0.0,14.0,333348.0,,,
2023-03-07,0.0,2774.0,7485777.0,0.0,14.0,333348.0,,,
2023-03-08,0.0,2774.0,7485777.0,0.0,14.0,333348.0,,,
2023-03-09,0.0,2774.0,7485777.0,0.0,14.0,333348.0,,,
2023-03-10,0.0,2774.0,7485777.0,0.0,14.0,333348.0,,,
2023-03-11,0.0,2774.0,7485777.0,0.0,14.0,333348.0,,,
2023-03-12,20313.0,2901.86,7506090.0,107.0,15.29,333455.0,,,
2023-03-13,0.0,2901.86,7506090.0,0.0,15.29,333455.0,,,
2023-03-14,0.0,2901.86,7506090.0,0.0,15.29,333455.0,,,
2023-03-15,0.0,2901.86,7506090.0,0.0,15.29,333455.0,,,
2023-03-16,0.0,2901.86,7506090.0,0.0,15.29,333455.0,,,
2023-03-17,0.0,2901.86,7506090.0,0.0,15.29,333455.0,,,
2023-03-18,0.0,2901.86,7506090.0,0.0,15.29,333455.0,,,
2023-03-19,19021.0,2717.29,7525111.0,74.0,10.57,333529.0,,,
2023-03-20,0.0,2717.29,7525111.0,0.0,10.57,333529.0,,,
2023-03-21,0.0,2717.29,7525111.0,0.0,10.57,333529.0,,,
2023-03-22,0.0,2717.29,7525111.0,0.0,10.57,333529.0,,,
2023-03-23,0.0,2717.29,7525111.0,0.0,10.57,333529.0,,,
2023-03-24,0.0,2717.29,7525111.0,0.0,10.57,333529.0,,,
2023-03-25,0.0,2717.29,7525111.0,0.0,10.57,333529.0,,,
2023-03-26,15357.0,2193.86,7540468.0,111.0,15.86,333640.0,,,
2023-03-27,0.0,2193.86,7540468.0,0.0,15.86,333640.0,,,
2023-03-28,0.0,2193.86,7540468.0,0.0,15.86,333640.0,,,
2023-03-29,0.0,2193.86,7540468.0,0.0,15.86,333640.0,,,
2023-03-30,0.0,2193.86,7540468.0,0.0,15.86,333640.0,,,
2023-03-31,0.0,2193.86,7540468.0,0.0,15.86,333640.0,,,
2023-04-01,0.0,2193.86,7540468.0,0.0,15.86,333640.0,,,
2023-04-02,15113.0,2159.0,7555581.0,96.0,13.71,333736.0,,,
2023-04-03,0.0,2159.0,7555581.0,0.0,13.71,333736.0,,,
2023-04-04,0.0,2159.0,7555581.0,0.0,13.71,333736.0,,,
2023-04-05,0.0,2159.0,7555581.0,0.0,13.71,333736.0,,,
2023-04-06,0.0,2159.0,7555581.0,0.0,13.71,333736.0,,,
2023-04-07,0.0,2159.0,7555581.0,0.0,13.71,333736.0,,,
2023-04-08,0.0,2159.0,7555581.0,0.0,13.71,333736.0,,,
2023-04-09,8608.0,1229.71,7564189.0,84.0,12.0,333820.0,,,
2023-04-10,0.0,1229.71,7564189.0,0.0,12.0,333820.0,,,
2023-04-11,0.0,1229.71,7564189.0,0.0,12.0,333820.0,,,
2023-04-12,0.0,1229.71,7564189.0,0.0,12.0,333820.0,,,
2023-04-13,0.0,1229.71,7564189.0,0.0,12.0,333820.0,,,
2023-04-14,0.0,1229.71,7564189.0,0.0,12.0,333820.0,,,
2023-04-15,0.0,1229.71,7564189.0,0.0,12.0,333820.0,,,
2023-04-16,9869.0,1409.86,7574058.0,69.0,9.86,333889.0,,,
2023-04-17,0.0,1409.86,7574058.0,0.0,9.86,333889.0,,,
2023-04-18,0.0,1409.86,7574058.0,0.0,9.86,333889.0,,,
2023-04-19,0.0,1409.86,7574058.0,0.0,9.86,333889.0,,,
2023-04-20,0.0,1409.86,7574058.0,0.0,9.86,333889.0,,,
2023-04-21,0.0,1409.86,7574058.0,0.0,9.86,333889.0,,,
2023-04-22,0.0,1409.86,7574058.0,0.0,9.86,333889.0,,,
2023-04-23,9401.0,1343.0,7583459.0,73.0,10.43,333962.0,,,
2023-04-24,0.0,1343.0,7583459.0,0.0,10.43,333962.0,,,
2023-04-25,0.0,1343.0,7583459.0,0.0,10.43,333962.0,,,
2023-04-26,0.0,1343.0,7583459.0,0.0,10.43,333962.0,,,
2023-04-27,0.0,1343.0,7583459.0,0.0,10.43,333962.0,,,
2023-04-28,0.0,1343.0,7583459.0,0.0,10.43,333962.0,,,
2023-04-29,0.0,1343.0,7583459.0,0.0,10.43,333962.0,,,
2023-04-30,9419.0,1345.57,7592878.0,72.0,10.29,334034.0,,,
2023-05-01,0.0,1345.57,7592878.0,0.0,10.29,334034.0,,,
2023-05-02,0.0,1345.57,7592878.0,0.0,10.29,334034.0,,,
2023-05-03,0.0,1345.57,7592878.0,0.0,10.29,334034.0,,,
2023-05-04,0.0,1345.57,7592878.0,0.0,10.29,334034.0,,,
2023-05-05,0.0,1345.57,7592878.0,0.0,10.29,334034.0,,,
2023-05-06,0.0,1345.57,7592878.0,0.0,10.29,334034.0,,,
2023-05-07,8109.0,1158.43,7600987.0,54.0,7.71,334088.0,,,
2023-05-08,0.0,1158.43,7600987.0,0.0,7.71,334088.0,,,
2023-05-09,0.0,1158.43,7600987.0,0.0,7.71,334088.0,,,
2023-05-10,0.0,1158.43,7600987.0,0.0,7.71,334088.0,,,
2023-05-11,0.0,1158.43,7600987.0,0.0,7.71,334088.0,,,
2023-05-12,0.0,1158.43,7600987.0,0.0,7.71,334088.0,,,
2023-05-13,0.0,1158.43,7600987.0,0.0,7.71,334088.0,,,
2023-05-14,7429.0,1061.29,7608416.0,38.0,5.43,334126.0,,,
2023-05-15,0.0,1061.29,7608416.0,0.0,5.43,334126.0,,,
2023-05-16,0.0,1061.29,7608416.0,0.0,5.43,334126.0,,,
2023-05-17,0.0,1061.29,7608416.0,0.0,5.43,334126.0,,,
2023-05-18,0.0,1061.29,7608416.0,0.0,5.43,334126.0,,,
2023-05-19,0.0,1061.29,7608416.0,0.0,5.43,334126.0,,,
2023-05-20,0.0,1061.29,7608416.0,0.0,5.43,334126.0,,,
2023-05-21,0.0,0.0,7608416.0,0.0,0.0,334126.0,,,
2023-05-22,0.0,0.0,7608416.0,0.0,0.0,334126.0,,,
2023-05-23,0.0,0.0,7608416.0,0.0,0.0,334126.0,,,
2023-05-24,0.0,0.0,7608416.0,0.0,0.0,334126.0,,,
2023-05-25,0.0,0.0,7608416.0,0.0,0.0,334126.0,,,
2023-05-26,0.0,0.0,7608416.0,0.0,0.0,334126.0,,,
2023-05-27,0.0,0.0,7608416.0,0.0,0.0,334126.0,,,
2023-05-28,0.0,0.0,7608416.0,0.0,0.0,334126.0,,,
2023-05-29,0.0,0.0,7608416.0,0.0,0.0,334126.0,,,
2023-05-30,0.0,0.0,7608416.0,0.0,0.0,334126.0,,,
2023-05-31,0.0,0.0,7608416.0,0.0,0.0,334126.0,,,
2023-06-01,0.0,0.0,7608416.0,0.0,0.0,334126.0,,,
2023-06-02,0.0,0.0,7608416.0,0.0,0.0,334126.0,,,
2023-06-03,0.0,0.0,7608416.0,0.0,0.0,334126.0,,,
2023-06-04,0.0,0.0,7608416.0,0.0,0.0,334126.0,,,
2023-06-05,0.0,0.0,7608416.0,0.0,0.0,334126.0,,,
2023-06-06,0.0,0.0,7608416.0,0.0,0.0,334126.0,,,
2023-06-07,0.0,0.0,7608416.0,0.0,0.0,334126.0,,,
2023-06-08,0.0,0.0,7608416.0,0.0,0.0,334126.0,,,
2023-06-09,0.0,0.0,7608416.0,0.0,0.0,334126.0,,,
2023-06-10,0.0,0.0,7608416.0,0.0,0.0,334126.0,,,
2023-06-11,0.0,0.0,7608416.0,0.0,0.0,334126.0,,,
2023-06-12,0.0,0.0,7608416.0,0.0,0.0,334126.0,,,
2023-06-13,0.0,0.0,7608416.0,0.0,0.0,334126.0,,,
2023-06-14,0.0,0.0,7608416.0,0.0,0.0,334126.0,,,
2023-06-15,0.0,0.0,7608416.0,0.0,0.0,334126.0,,,
2023-06-16,0.0,0.0,7608416.0,0.0,0.0,334126.0,,,
2023-06-17,0.0,0.0,7608416.0,0.0,0.0,334126.0,,,
2023-06-18,0.0,0.0,7608416.0,0.0,0.0,334126.0,,,
2023-06-19,0.0,0.0,7608416.0,0.0,0.0,334126.0,,,
2023-06-20,0.0,0.0,7608416.0,0.0,0.0,334126.0,,,
2023-06-21,0.0,0.0,7608416.0,0.0,0.0,334126.0,,,
2023-06-22,0.0,0.0,7608416.0,0.0,0.0,334126.0,,,
2023-06-23,0.0,0.0,7608416.0,0.0,0.0,334126.0,,,
2023-06-24,0.0,0.0,7608416.0,0.0,0.0,334126.0,,,
2023-06-25,0.0,0.0,7608416.0,0.0,0.0,334126.0,,,
2023-06-26,0.0,0.0,7608416.0,0.0,0.0,334126.0,,,
2023-06-27,0.0,0.0,7608416.0,0.0,0.0,334126.0,,,
2023-06-28,0.0,0.0,7608416.0,0.0,0.0,334126.0,,,
2023-06-29,0.0,0.0,7608416.0,0.0,0.0,334126.0,,,
2023-06-30,0.0,0.0,7608416.0,0.0,0.0,334126.0,,,
2023-07-01,0.0,0.0,7608416.0,0.0,0.0,334126.0,,,
2023-07-02,0.0,0.0,7608416.0,0.0,0.0,334126.0,,,
2023-07-03,0.0,0.0,7608416.0,0.0,0.0,334126.0,,,
2023-07-04,0.0,0.0,7608416.0,0.0,0.0,334126.0,,,
2023-07-05,0.0,0.0,7608416.0,0.0,0.0,334126.0,,,
2023-07-06,0.0,0.0,7608416.0,0.0,0.0,334126.0,,,
2023-07-07,0.0,0.0,7608416.0,0.0,0.0,334126.0,,,
2023-07-08,0.0,0.0,7608416.0,0.0,0.0,334126.0,,,
2023-07-09,0.0,0.0,7608416.0,0.0,0.0,334126.0,,,
2023-07-10,0.0,0.0,7608416.0,0.0,0.0,334126.0,,,
2023-07-11,0.0,0.0,7608416.0,0.0,0.0,334126.0,,,
2023-07-12,0.0,0.0,7608416.0,0.0,0.0,334126.0,,,
2023-07-13,0.0,0.0,7608416.0,0.0,0.0,334126.0,,,
2023-07-14,0.0,0.0,7608416.0,0.0,0.0,334126.0,,,
2023-07-15,0.0,0.0,7608416.0,0.0,0.0,334126.0,,,
2023-07-16,0.0,0.0,7608416.0,0.0,0.0,334126.0,,,
2023-07-17,0.0,0.0,7608416.0,0.0,0.0,334126.0,,,
2023-07-18,0.0,0.0,7608416.0,0.0,0.0,334126.0,,,
2023-07-19,0.0,0.0,7608416.0,0.0,0.0,334126.0,,,
2023-07-20,0.0,0.0,7608416.0,0.0,0.0,334126.0,,,
2023-07-21,0.0,0.0,7608416.0,0.0,0.0,334126.0,,,
2023-07-22,0.0,0.0,7608416.0,0.0,0.0,334126.0,,,
2023-07-23,0.0,0.0,7608416.0,0.0,0.0,334126.0,,,
2023-07-24,0.0,0.0,7608416.0,0.0,0.0,334126.0,,,
2023-07-25,0.0,0.0,7608416.0,0.0,0.0,334126.0,,,
2023-07-26,0.0,0.0,7608416.0,0.0,0.0,334126.0,,,
2023-07-27,0.0,0.0,7608416.0,0.0,0.0,334126.0,,,
2023-07-28,0.0,0.0,7608416.0,0.0,0.0,334126.0,,,
2023-07-29,0.0,0.0,7608416.0,0.0,0.0,334126.0,,,
2023-07-30,0.0,0.0,7608416.0,0.0,0.0,334126.0,,,
2023-07-31,0.0,0.0,7608416.0,0.0,0.0,334126.0,,,
2023-08-01,0.0,0.0,7608416.0,0.0,0.0,334126.0,,,
2023-08-02,0.0,0.0,7608416.0,0.0,0.0,334126.0,,,
2023-08-03,0.0,0.0,7608416.0,0.0,0.0,334126.0,,,
2023-08-04,0.0,0.0,7608416.0,0.0,0.0,334126.0,,,
2023-08-05,0.0,0.0,7608416.0,0.0,0.0,334126.0,,,
2023-08-06,0.0,0.0,7608416.0,0.0,0.0,334126.0,,,
2023-08-07,0.0,0.0,7608416.0,0.0,0.0,334126.0,,,
2023-08-08,0.0,0.0,7608416.0,0.0,0.0,334126.0,,,
2023-08-09,0.0,0.0,7608416.0,0.0,0.0,334126.0,,,
2023-08-10,0.0,0.0,7608416.0,0.0,0.0,334126.0,,,
2023-08-11,0.0,0.0,7608416.0,0.0,0.0,334126.0,,,
2023-08-12,0.0,0.0,7608416.0,0.0,0.0,334126.0,,,
2023-08-13,0.0,0.0,7608416.0,0.0,0.0,334126.0,,,
2023-08-14,0.0,0.0,7608416.0,0.0,0.0,334126.0,,,
2023-08-15,0.0,0.0,7608416.0,0.0,0.0,334126.0,,,
2023-08-16,0.0,0.0,7608416.0,0.0,0.0,334126.0,,,
2023-08-17,0.0,0.0,7608416.0,0.0,0.0,334126.0,,,
2023-08-18,0.0,0.0,7608416.0,0.0,0.0,334126.0,,,
2023-08-19,0.0,0.0,7608416.0,0.0,0.0,334126.0,,,
2023-08-20,0.0,0.0,7608416.0,0.0,0.0,334126.0,,,
2023-08-21,0.0,0.0,7608416.0,0.0,0.0,334126.0,,,
2023-08-22,0.0,0.0,7608416.0,0.0,0.0,334126.0,,,
2023-08-23,0.0,0.0,7608416.0,0.0,0.0,334126.0,,,
2023-08-24,0.0,0.0,7608416.0,0.0,0.0,334126.0,,,
2023-08-25,0.0,0.0,7608416.0,0.0,0.0,334126.0,,,
2023-08-26,0.0,0.0,7608416.0,0.0,0.0,334126.0,,,
2023-08-27,0.0,0.0,7608416.0,0.0,0.0,334126.0,,,
2023-08-28,0.0,0.0,7608416.0,0.0,0.0,334126.0,,,
2023-08-29,0.0,0.0,7608416.0,0.0,0.0,334126.0,,,
2023-08-30,0.0,0.0,7608416.0,0.0,0.0,334126.0,,,
2023-08-31,0.0,0.0,7608416.0,0.0,0.0,334126.0,,,
2023-09-01,0.0,0.0,7608416.0,0.0,0.0,334126.0,,,
2023-09-02,0.0,0.0,7608416.0,0.0,0.0,334126.0,,,
2023-09-03,0.0,0.0,7608416.0,0.0,0.0,334126.0,,,
2023-09-04,0.0,0.0,7608416.0,0.0,0.0,334126.0,,,
2023-09-05,0.0,0.0,7608416.0,0.0,0.0,334126.0,,,
2023-09-06,0.0,0.0,7608416.0,0.0,0.0,334126.0,,,
2023-09-07,0.0,0.0,7608416.0,0.0,0.0,334126.0,,,
2023-09-08,0.0,0.0,7608416.0,0.0,0.0,334126.0,,,
2023-09-09,0.0,0.0,7608416.0,0.0,0.0,334126.0,,,
2023-09-10,0.0,0.0,7608416.0,0.0,0.0,334126.0,,,
2023-09-11,0.0,0.0,7608416.0,0.0,0.0,334126.0,,,
2023-09-12,0.0,0.0,7608416.0,0.0,0.0,334126.0,,,
2023-09-13,0.0,0.0,7608416.0,0.0,0.0,334126.0,,,
2023-09-14,0.0,0.0,7608416.0,0.0,0.0,334126.0,,,
2023-09-15,0.0,0.0,7608416.0,0.0,0.0,334126.0,,,
2023-09-16,0.0,0.0,7608416.0,0.0,0.0,334126.0,,,
2023-09-17,0.0,0.0,7608416.0,0.0,0.0,334126.0,,,
2023-09-18,0.0,0.0,7608416.0,0.0,0.0,334126.0,,,
2023-09-19,0.0,0.0,7608416.0,0.0,0.0,334126.0,,,
2023-09-20,0.0,0.0,7608416.0,0.0,0.0,334126.0,,,
2023-09-21,0.0,0.0,7608416.0,0.0,0.0,334126.0,,,
2023-09-22,0.0,0.0,7608416.0,0.0,0.0,334126.0,,,
2023-09-23,0.0,0.0,7608416.0,0.0,0.0,334126.0,,,
2023-09-24,0.0,0.0,7608416.0,0.0,0.0,334126.0,,,
2023-09-25,0.0,0.0,7608416.0,0.0,0.0,334126.0,,,
2023-09-26,0.0,0.0,7608416.0,0.0,0.0,334126.0,,,
2023-09-27,0.0,0.0,7608416.0,0.0,0.0,334126.0,,,
2023-09-28,0.0,0.0,7608416.0,0.0,0.0,334126.0,,,
2023-09-29,0.0,0.0,7608416.0,0.0,0.0,334126.0,,,
2023-09-30,0.0,0.0,7608416.0,0.0,0.0,334126.0,,,
2023-10-01,0.0,0.0,7608416.0,0.0,0.0,334126.0,,,
2023-10-02,0.0,0.0,7608416.0,0.0,0.0,334126.0,,,
2023-10-03,0.0,0.0,7608416.0,0.0,0.0,334126.0,,,
2023-10-04,0.0,0.0,7608416.0,0.0,0.0,334126.0,,,
2023-10-05,0.0,0.0,7608416.0,0.0,0.0,334126.0,,,
2023-10-06,0.0,0.0,7608416.0,0.0,0.0,334126.0,,,
2023-10-07,0.0,0.0,7608416.0,0.0,0.0,334126.0,,,
2023-10-08,0.0,0.0,7608416.0,0.0,0.0,334126.0,,,
2023-10-09,0.0,0.0,7608416.0,0.0,0.0,334126.0,,,
2023-10-10,0.0,0.0,7608416.0,0.0,0.0,334126.0,,,
2023-10-11,0.0,0.0,7608416.0,0.0,0.0,334126.0,,,
2023-10-12,0.0,0.0,7608416.0,0.0,0.0,334126.0,,,
2023-10-13,0.0,0.0,7608416.0,0.0,0.0,334126.0,,,
2023-10-14,0.0,0.0,7608416.0,0.0,0.0,334126.0,,,
2023-10-15,0.0,0.0,7608416.0,0.0,0.0,334126.0,,,
2023-10-16,0.0,0.0,7608416.0,0.0,0.0,334126.0,,,
2023-10-17,0.0,0.0,7608416.0,0.0,0.0,334126.0,,,
2023-10-18,0.0,0.0,7608416.0,0.0,0.0,334126.0,,,
2023-10-19,0.0,0.0,7608416.0,0.0,0.0,334126.0,,,
2023-10-20,0.0,0.0,7608416.0,0.0,0.0,334126.0,,,
2023-10-21,0.0,0.0,7608416.0,0.0,0.0,334126.0,,,
2023-10-22,0.0,0.0,7608416.0,0.0,0.0,334126.0,,,
2023-10-23,0.0,0.0,7608416.0,0.0,0.0,334126.0,,,
2023-10-24,0.0,0.0,7608416.0,0.0,0.0,334126.0,,,
2023-10-25,0.0,0.0,7608416.0,0.0,0.0,334126.0,,,
2023-10-26,0.0,0.0,7608416.0,0.0,0.0,334126.0,,,
2023-10-27,0.0,0.0,7608416.0,0.0,0.0,334126.0,,,
2023-10-28,0.0,0.0,7608416.0,0.0,0.0,334126.0,,,
2023-10-29,0.0,0.0,7608416.0,0.0,0.0,334126.0,,,
2023-10-30,0.0,0.0,7608416.0,0.0,0.0,334126.0,,,
2023-10-31,0.0,0.0,7608416.0,0.0,0.0,334126.0,,,
2023-11-01,0.0,0.0,7608416.0,0.0,0.0,334126.0,,,
2023-11-02,0.0,0.0,7608416.0,0.0,0.0,334126.0,,,
2023-11-03,0.0,0.0,7608416.0,0.0,0.0,334126.0,,,
2023-11-04,0.0,0.0,7608416.0,0.0,0.0,334126.0,,,
2023-11-05,0.0,0.0,7608416.0,0.0,0.0,334126.0,,,
2023-11-06,0.0,0.0,7608416.0,0.0,0.0,334126.0,,,
2023-11-07,0.0,0.0,7608416.0,0.0,0.0,334126.0,,,
2023-11-08,0.0,0.0,7608416.0,0.0,0.0,334126.0,,,
2023-11-09,0.0,0.0,7608416.0,0.0,0.0,334126.0,,,
2023-11-10,0.0,0.0,7608416.0,0.0,0.0,334126.0,,,
2023-11-11,0.0,0.0,7608416.0,0.0,0.0,334126.0,,,
2023-11-12,0.0,0.0,7608416.0,0.0,0.0,334126.0,,,
2023-11-13,0.0,0.0,7608416.0,0.0,0.0,334126.0,,,
2023-11-14,0.0,0.0,7608416.0,0.0,0.0,334126.0,,,
2023-11-15,0.0,0.0,7608416.0,0.0,0.0,334126.0,,,
2023-11-16,0.0,0.0,7608416.0,0.0,0.0,334126.0,,,
2023-11-17,0.0,0.0,7608416.0,0.0,0.0,334126.0,,,
2023-11-18,0.0,0.0,7608416.0,0.0,0.0,334126.0,,,
2023-11-19,0.0,0.0,7608416.0,0.0,0.0,334126.0,,,
2023-11-20,0.0,0.0,7608416.0,0.0,0.0,334126.0,,,
2023-11-21,0.0,0.0,7608416.0,0.0,0.0,334126.0,,,
2023-11-22,0.0,0.0,7608416.0,0.0,0.0,334126.0,,,
2023-11-23,0.0,0.0,7608416.0,0.0,0.0,334126.0,,,
2023-11-24,0.0,0.0,7608416.0,0.0,0.0,334126.0,,,
2023-11-25,0.0,0.0,7608416.0,0.0,0.0,334126.0,,,
2023-11-26,0.0,0.0,7608416.0,0.0,0.0,334126.0,,,
2023-11-27,0.0,0.0,7608416.0,0.0,0.0,334126.0,,,
2023-11-28,0.0,0.0,7608416.0,0.0,0.0,334126.0,,,
2023-11-29,0.0,0.0,7608416.0,0.0,0.0,334126.0,,,
2023-11-30,0.0,0.0,7608416.0,0.0,0.0,334126.0,,,
2023-12-01,0.0,0.0,7608416.0,0.0,0.0,334126.0,,,
2023-12-02,0.0,0.0,7608416.0,0.0,0.0,334126.0,,,
2023-12-03,0.0,0.0,7608416.0,0.0,0.0,334126.0,,,
2023-12-04,0.0,0.0,7608416.0,0.0,0.0,334126.0,,,
2023-12-05,0.0,0.0,7608416.0,0.0,0.0,334126.0,,,
2023-12-06,0.0,0.0,7608416.0,0.0,0.0,334126.0,,,
2023-12-07,0.0,0.0,7608416.0,0.0,0.0,334126.0,,,
2023-12-08,0.0,0.0,7608416.0,0.0,0.0,334126.0,,,
2023-12-09,0.0,0.0,7608416.0,0.0,0.0,334126.0,,,
2023-12-10,0.0,0.0,7608416.0,0.0,0.0,334126.0,,,
2023-12-11,0.0,0.0,7608416.0,0.0,0.0,334126.0,,,
2023-12-12,0.0,0.0,7608416.0,0.0,0.0,334126.0,,,
2023-12-13,0.0,0.0,7608416.0,0.0,0.0,334126.0,,,
2023-12-14,0.0,0.0,7608416.0,0.0,0.0,334126.0,,,
2023-12-15,0.0,0.0,7608416.0,0.0,0.0,334126.0,,,
2023-12-16,0.0,0.0,7608416.0,0.0,0.0,334126.0,,,
2023-12-17,0.0,0.0,7608416.0,0.0,0.0,334126.0,,,
2023-12-18,0.0,0.0,7608416.0,0.0,0.0,334126.0,,,
2023-12-19,0.0,0.0,7608416.0,0.0,0.0,334126.0,,,
2023-12-20,0.0,0.0,7608416.0,0.0,0.0,334126.0,,,
2023-12-21,0.0,0.0,7608416.0,0.0,0.0,334126.0,,,
2023-12-22,0.0,0.0,7608416.0,0.0,0.0,334126.0,,,
2023-12-23,0.0,0.0,7608416.0,0.0,0.0,334126.0,,,
2023-12-24,0.0,0.0,7608416.0,0.0,0.0,334126.0,,,
2023-12-25,0.0,0.0,7608416.0,0.0,0.0,334126.0,,,
2023-12-26,0.0,0.0,7608416.0,0.0,0.0,334126.0,,,
2023-12-27,0.0,0.0,7608416.0,0.0,0.0,334126.0,,,
2023-12-28,0.0,0.0,7608416.0,0.0,0.0,334126.0,,,
2023-12-29,0.0,0.0,7608416.0,0.0,0.0,334126.0,,,
2023-12-30,0.0,0.0,7608416.0,0.0,0.0,334126.0,,,
2023-12-31,0.0,0.0,7608416.0,0.0,0.0,334126.0,,,
2024-01-01,0.0,0.0,7608416.0,0.0,0.0,334126.0,,,
2024-01-02,0.0,0.0,7608416.0,0.0,0.0,334126.0,,,
2024-01-03,0.0,0.0,7608416.0,0.0,0.0,334126.0,,,
2024-01-04,0.0,0.0,7608416.0,0.0,0.0,334126.0,,,
2024-01-05,0.0,0.0,7608416.0,0.0,0.0,334126.0,,,
2024-01-06,0.0,0.0,7608416.0,0.0,0.0,334126.0,,,
2024-01-07,208.0,29.71,7608624.0,5.0,0.71,334131.0,,,
2024-01-08,0.0,29.71,7608624.0,0.0,0.71,334131.0,,,
2024-01-09,0.0,29.71,7608624.0,0.0,0.71,334131.0,,,
2024-01-10,0.0,29.71,7608624.0,0.0,0.71,334131.0,,,
2024-01-11,0.0,29.71,7608624.0,0.0,0.71,334131.0,,,
2024-01-12,0.0,29.71,7608624.0,0.0,0.71,334131.0,,,
2024-01-13,0.0,29.71,7608624.0,0.0,0.71,334131.0,,,
2024-01-14,303.0,43.29,7608927.0,10.0,1.43,334141.0,,,
2024-01-15,0.0,43.29,7608927.0,0.0,1.43,334141.0,,,
2024-01-16,0.0,43.29,7608927.0,0.0,1.43,334141.0,,,
2024-01-17,0.0,43.29,7608927.0,0.0,1.43,334141.0,,,
2024-01-18,0.0,43.29,7608927.0,0.0,1.43,334141.0,,,
2024-01-19,0.0,43.29,7608927.0,0.0,1.43,334141.0,,,
2024-01-20,0.0,43.29,7608927.0,0.0,1.43,334141.0,,,
2024-01-21,548.0,78.29,7609475.0,15.0,2.14,334156.0,,,
2024-01-22,0.0,78.29,7609475.0,0.0,2.14,334156.0,,,
2024-01-23,0.0,78.29,7609475.0,0.0,2.14,334156.0,,,
2024-01-24,0.0,78.29,7609475.0,0.0,2.14,334156.0,,,
2024-01-25,0.0,78.29,7609475.0,0.0,2.14,334156.0,,,
2024-01-26,0.0,78.29,7609475.0,0.0,2.14,334156.0,,,
2024-01-27,0.0,78.29,7609475.0,0.0,2.14,334156.0,,,
2024-01-28,624.0,89.14,7610099.0,23.0,3.29,334179.0,,,
2024-01-29,0.0,89.14,7610099.0,0.0,3.29,334179.0,,,
2024-01-30,0.0,89.14,7610099.0,0.0,3.29,334179.0,,,
2024-01-31,0.0,89.14,7610099.0,0.0,3.29,334179.0,,,
2024-02-01,0.0,89.14,7610099.0,0.0,3.29,334179.0,,,
2024-02-02,0.0,89.14,7610099.0,0.0,3.29,334179.0,,,
2024-02-03,0.0,89.14,7610099.0,0.0,3.29,334179.0,,,
2024-02-04,661.0,94.43,7610760.0,20.0,2.86,334199.0,,,
2024-02-05,0.0,94.43,7610760.0,0.0,2.86,334199.0,,,
2024-02-06,0.0,94.43,7610760.0,0.0,2.86,334199.0,,,
2024-02-07,0.0,94.43,7610760.0,0.0,2.86,334199.0,,,
2024-02-08,0.0,94.43,7610760.0,0.0,2.86,334199.0,,,
2024-02-09,0.0,94.43,7610760.0,0.0,2.86,334199.0,,,
2024-02-10,0.0,94.43,7610760.0,0.0,2.86,334199.0,,,
2024-02-11,731.0,104.43,7611491.0,21.0,3.0,334220.0,,,
2024-02-12,0.0,104.43,7611491.0,0.0,3.0,334220.0,,,
2024-02-13,0.0,104.43,7611491.0,0.0,3.0,334220.0,,,
2024-02-14,0.0,104.43,7611491.0,0.0,3.0,334220.0,,,
2024-02-15,0.0,104.43,7611491.0,0.0,3.0,334220.0,,,
2024-02-16,0.0,104.43,7611491.0,0.0,3.0,334220.0,,,
2024-02-17,0.0,104.43,7611491.0,0.0,3.0,334220.0,,,
2024-02-18,677.0,96.71,7612168.0,23.0,3.29,334243.0,,,
2024-02-19,0.0,96.71,7612168.0,0.0,3.29,334243.0,,,
2024-02-20,0.0,96.71,7612168.0,0.0,3.29,334243.0,,,
2024-02-21,0.0,96.71,7612168.0,0.0,3.29,334243.0,,,
2024-02-22,0.0,96.71,7612168.0,0.0,3.29,334243.0,,,
2024-02-23,0.0,96.71,7612168.0,0.0,3.29,334243.0,,,
2024-02-24,0.0,96.71,7612168.0,0.0,3.29,334243.0,,,
2024-02-25,610.0,87.14,7612778.0,23.0,3.29,334266.0,,,
2024-02-26,0.0,87.14,7612778.0,0.0,3.29,334266.0,,,
2024-02-27,0.0,87.14,7612778.0,0.0,3.29,334266.0,,,
2024-02-28,0.0,87.14,7612778.0,0.0,3.29,334266.0,,,
2024-02-29,0.0,87.14,7612778.0,0.0,3.29,334266.0,,,
2024-03-01,0.0,87.14,7612778.0,0.0,3.29,334266.0,,,
2024-03-02,0.0,87.14,7612778.0,0.0,3.29,334266.0,,,
2024-03-03,550.0,78.57,7613328.0,24.0,3.43,334290.0,,,
2024-03-04,0.0,78.57,7613328.0,0.0,3.43,334290.0,,,
2024-03-05,0.0,78.57,7613328.0,0.0,3.43,334290.0,,,
2024-03-06,0.0,78.57,7613328.0,0.0,3.43,334290.0,,,
2024-03-07,0.0,78.57,7613328.0,0.0,3.43,334290.0,,,
2024-03-08,0.0,78.57,7613328.0,0.0,3.43,334290.0,,,
2024-03-09,0.0,78.57,7613328.0,0.0,3.43,334290.0,,,
2024-03-10,388.0,55.43,7613716.0,38.0,5.43,334328.0,,,
2024-03-11,0.0,55.43,7613716.0,0.0,5.43,334328.0,,,
2024-03-12,0.0,55.43,7613716.0,0.0,5.43,334328.0,,,
2024-03-13,0.0,55.43,7613716.0,0.0,5.43,334328.0,,,
2024-03-14,0.0,55.43,7613716.0,0.0,5.43,334328.0,,,
2024-03-15,0.0,55.43,7613716.0,0.0,5.43,334328.0,,,
2024-03-16,0.0,55.43,7613716.0,0.0,5.43,334328.0,,,
2024-03-17,261.0,37.29,7613977.0,18.0,2.57,334346.0,,,
2024-03-18,0.0,37.29,7613977.0,0.0,2.57,334346.0,,,
2024-03-19,0.0,37.29,7613977.0,0.0,2.57,334346.0,,,
2024-03-20,0.0,37.29,7613977.0,0.0,2.57,334346.0,,,
2024-03-21,0.0,37.29,7613977.0,0.0,2.57,334346.0,,,
2024-03-22,0.0,37.29,7613977.0,0.0,2.57,334346.0,,,
2024-03-23,0.0,37.29,7613977.0,0.0,2.57,334346.0,,,
2024-03-24,220.0,31.43,7614197.0,26.0,3.71,334372.0,,,
2024-03-25,0.0,31.43,7614197.0,0.0,3.71,334372.0,,,
2024-03-26,0.0,31.43,7614197.0,0.0,3.71,334372.0,,,
2024-03-27,0.0,31.43,7614197.0,0.0,3.71,334372.0,,,
2024-03-28,0.0,31.43,7614197.0,0.0,3.71,334372.0,,,
2024-03-29,0.0,31.43,7614197.0,0.0,3.71,334372.0,,,
2024-03-30,0.0,31.43,7614197.0,0.0,3.71,334372.0,,,
2024-03-31,145.0,20.71,7614342.0,13.0,1.86,334385.0,,,
2024-04-01,0.0,20.71,7614342.0,0.0,1.86,334385.0,,,
2024-04-02,0.0,20.71,7614342.0,0.0,1.86,334385.0,,,
2024-04-03,0.0,20.71,7614342.0,0.0,1.86,334385.0,,,
2024-04-04,0.0,20.71,7614342.0,0.0,1.86,334385.0,,,
2024-04-05,0.0,20.71,7614342.0,0.0,1.86,334385.0,,,
2024-04-06,0.0,20.71,7614342.0,0.0,1.86,334385.0,,,
2024-04-07,208.0,29.71,7614550.0,14.0,2.0,334399.0,,,
2024-04-08,0.0,29.71,7614550.0,0.0,2.0,334399.0,,,
2024-04-09,0.0,29.71,7614550.0,0.0,2.0,334399.0,,,
2024-04-10,0.0,29.71,7614550.0,0.0,2.0,334399.0,,,
2024-04-11,0.0,29.71,7614550.0,0.0,2.0,334399.0,,,
2024-04-12,0.0,29.71,7614550.0,0.0,2.0,334399.0,,,
2024-04-13,0.0,29.71,7614550.0,0.0,2.0,334399.0,,,
2024-04-14,135.0,19.29,7614685.0,9.0,1.29,334408.0,,,
2024-04-15,0.0,19.29,7614685.0,0.0,1.29,334408.0,,,
2024-04-16,0.0,19.29,7614685.0,0.0,1.29,334408.0,,,
2024-04-17,0.0,19.29,7614685.0,0.0,1.29,334408.0,,,
2024-04-18,0.0,19.29,7614685.0,0.0,1.29,334408.0,,,
2024-04-19,0.0,19.29,7614685.0,0.0,1.29,334408.0,,,
2024-04-20,0.0,19.29,7614685.0,0.0,1.29,334408.0,,,
2024-04-21,142.0,20.29,7614827.0,9.0,1.29,334417.0,,,
2024-04-22,0.0,20.29,7614827.0,0.0,1.29,334417.0,,,
2024-04-23,0.0,20.29,7614827.0,0.0,1.29,334417.0,,,
2024-04-24,0.0,20.29,7614827.0,0.0,1.29,334417.0,,,
2024-04-25,0.0,20.29,7614827.0,0.0,1.29,334417.0,,,
2024-04-26,0.0,20.29,7614827.0,0.0,1.29,334417.0,,,
2024-04-27,0.0,20.29,7614827.0,0.0,1.29,334417.0,,,
2024-04-28,124.0,17.71,7614951.0,10.0,1.43,334427.0,,,
2024-04-29,0.0,17.71,7614951.0,0.0,1.43,334427.0,,,
2024-04-30,0.0,17.71,7614951.0,0.0,1.43,334427.0,,,
2024-05-01,0.0,17.71,7614951.0,0.0,1.43,334427.0,,,
2024-05-02,0.0,17.71,7614951.0,0.0,1.43,334427.0,,,
2024-05-03,0.0,17.71,7614951.0,0.0,1.43,334427.0,,,
2024-05-04,0.0,17.71,7614951.0,0.0,1.43,334427.0,,,
2024-05-05,93.0,13.29,7615044.0,9.0,1.29,334436.0,,,
2024-05-06,0.0,13.29,7615044.0,0.0,1.29,334436.0,,,
2024-05-07,0.0,13.29,7615044.0,0.0,1.29,334436.0,,,
2024-05-08,0.0,13.29,7615044.0,0.0,1.29,334436.0,,,
2024-05-09,0.0,13.29,7615044.0,0.0,1.29,334436.0,,,
2024-05-10,0.0,13.29,7615044.0,0.0,1.29,334436.0,,,
2024-05-11,0.0,13.29,7615044.0,0.0,1.29,334436.0,,,
2024-05-12,110.0,15.71,7615154.0,7.0,1.0,334443.0,,,
2024-05-13,0.0,15.71,7615154.0,0.0,1.0,334443.0,,,
2024-05-14,0.0,15.71,7615154.0,0.0,1.0,334443.0,,,
2024-05-15,0.0,15.71,7615154.0,0.0,1.0,334443.0,,,
2024-05-16,0.0,15.71,7615154.0,0.0,1.0,334443.0,,,
2024-05-17,0.0,15.71,7615154.0,0.0,1.0,334443.0,,,
2024-05-18,0.0,15.71,7615154.0,0.0,1.0,334443.0,,,
2024-05-19,142.0,20.29,7615296.0,13.0,1.86,334456.0,,,
2024-05-20,0.0,20.29,7615296.0,0.0,1.86,334456.0,,,
2024-05-21,0.0,20.29,7615296.0,0.0,1.86,334456.0,,,
2024-05-22,0.0,20.29,7615296.0,0.0,1.86,334456.0,,,
2024-05-23,0.0,20.29,7615296.0,0.0,1.86,334456.0,,,
2024-05-24,0.0,20.29,7615296.0,0.0,1.86,334456.0,,,
2024-05-25,0.0,20.29,7615296.0,0.0,1.86,334456.0,,,
2024-05-26,126.0,18.0,7615422.0,12.0,1.71,334468.0,,,
2024-05-27,0.0,18.0,7615422.0,0.0,1.71,334468.0,,,
2024-05-28,0.0,18.0,7615422.0,0.0,1.71,334468.0,,,
2024-05-29,0.0,18.0,7615422.0,0.0,1.71,334468.0,,,
2024-05-30,0.0,18.0,7615422.0,0.0,1.71,334468.0,,,
2024-05-31,0.0,18.0,7615422.0,0.0,1.71,334468.0,,,
2024-06-01,0.0,18.0,7615422.0,0.0,1.71,334468.0,,,
2024-06-02,123.0,17.57,7615545.0,9.0,1.29,334477.0,,,
2024-06-03,0.0,17.57,7615545.0,0.0,1.29,334477.0,,,
2024-06-04,0.0,17.57,7615545.0,0.0,1.29,334477.0,,,
2024-06-05,0.0,17.57,7615545.0,0.0,1.29,334477.0,,,
2024-06-06,0.0,17.57,7615545.0,0.0,1.29,334477.0,,,
2024-06-07,0.0,17.57,7615545.0,0.0,1.29,334477.0,,,
2024-06-08,0.0,17.57,7615545.0,0.0,1.29,334477.0,,,
2024-06-09,147.0,21.0,7615692.0,11.0,1.57,334488.0,,,
2024-06-10,0.0,21.0,7615692.0,0.0,1.57,334488.0,,,
2024-06-11,0.0,21.0,7615692.0,0.0,1.57,334488.0,,,
2024-06-12,0.0,21.0,7615692.0,0.0,1.57,334488.0,,,
2024-06-13,0.0,21.0,7615692.0,0.0,1.57,334488.0,,,
2024-06-14,0.0,21.0,7615692.0,0.0,1.57,334488.0,,,
2024-06-15,0.0,21.0,7615692.0,0.0,1.57,334488.0,,,
2024-06-16,184.0,26.29,7615876.0,6.0,0.86,334494.0,,,
2024-06-17,0.0,26.29,7615876.0,0.0,0.86,334494.0,,,
2024-06-18,0.0,26.29,7615876.0,0.0,0.86,334494.0,,,
2024-06-19,0.0,26.29,7615876.0,0.0,0.86,334494.0,,,
2024-06-20,0.0,26.29,7615876.0,0.0,0.86,334494.0,,,
2024-06-21,0.0,26.29,7615876.0,0.0,0.86,334494.0,,,
2024-06-22,0.0,26.29,7615876.0,0.0,0.86,334494.0,,,
2024-06-23,199.0,28.43,7616075.0,11.0,1.57,334505.0,,,
2024-06-24,0.0,28.43,7616075.0,0.0,1.57,334505.0,,,
2024-06-25,0.0,28.43,7616075.0,0.0,1.57,334505.0,,,
2024-06-26,0.0,28.43,7616075.0,0.0,1.57,334505.0,,,
2024-06-27,0.0,28.43,7616075.0,0.0,1.57,334505.0,,,
2024-06-28,0.0,28.43,7616075.0,0.0,1.57,334505.0,,,
2024-06-29,0.0,28.43,7616075.0,0.0,1.57,334505.0,,,
2024-06-30,265.0,37.86,7616340.0,5.0,0.71,334510.0,,,
2024-07-01,0.0,37.86,7616340.0,0.0,0.71,334510.0,,,
2024-07-02,0.0,37.86,7616340.0,0.0,0.71,334510.0,,,
2024-07-03,0.0,37.86,7616340.0,0.0,0.71,334510.0,,,
2024-07-04,0.0,37.86,7616340.0,0.0,0.71,334510.0,,,
2024-07-05,0.0,37.86,7616340.0,0.0,0.71,334510.0,,,
2024-07-06,0.0,37.86,7616340.0,0.0,0.71,334510.0,,,
2024-07-07,409.0,58.43,7616749.0,10.0,1.43,334520.0,,,
2024-07-08,0.0,58.43,7616749.0,0.0,1.43,334520.0,,,
2024-07-09,0.0,58.43,7616749.0,0.0,1.43,334520.0,,,
2024-07-10,0.0,58.43,7616749.0,0.0,1.43,334520.0,,,
2024-07-11,0.0,58.43,7616749.0,0.0,1.43,334520.0,,,
2024-07-12,0.0,58.43,7616749.0,0.0,1.43,334520.0,,,
2024-07-13,0.0,58.43,7616749.0,0.0,1.43,334520.0,,,
2024-07-14,545.0,77.86,7617294.0,11.0,1.57,334531.0,,,
2024-07-15,0.0,77.86,7617294.0,0.0,1.57,334531.0,,,
2024-07-16,0.0,77.86,7617294.0,0.0,1.57,334531.0,,,
2024-07-17,0.0,77.86,7617294.0,0.0,1.57,334531.0,,,
2024-07-18,0.0,77.86,7617294.0,0.0,1.57,334531.0,,,
2024-07-19,0.0,77.86,7617294.0,0.0,1.57,334531.0,,,
2024-07-20,0.0,77.86,7617294.0,0.0,1.57,334531.0,,,
2024-07-21,964.0,137.71,7618258.0,11.0,1.57,334542.0,,,
2024-07-22,0.0,137.71,7618258.0,0.0,1.57,334542.0,,,
2024-07-23,0.0,137.71,7618258.0,0.0,1.57,334542.0,,,
2024-07-24,0.0,137.71,7618258.0,0.0,1.57,334542.0,,,
2024-07-25,0.0,137.71,7618258.0,0.0,1.57,334542.0,,,
2024-07-26,0.0,137.71,7618258.0,0.0,1.57,334542.0,,,
2024-07-27,0.0,137.71,7618258.0,0.0,1.57,334542.0,,,
2024-07-28,860.0,122.86,7619118.0,9.0,1.29,334551.0,,,
2024-07-29,0.0,122.86,7619118.0,0.0,1.29,334551.0,,,
2024-07-30,0.0,122.86,7619118.0,0.0,1.29,334551.0,,,
2024-07-31,0.0,122.86,7619118.0,0.0,1.29,334551.0,,,
2024-08-01,0.0,122.86,7619118.0,0.0,1.29,334551.0,,,
2024-08-02,0.0,122.86,7619118.0,0.0,1.29,334551.0,,,
2024-08-03,0.0,122.86,7619118.0,0.0,1.29,334551.0,,,
2024-08-04,340.0,48.57,7619458.0,0.0,0.0,334551.0,,,
